geo_id2,geo_name,eatribe,eaid,state,year,pcinc,LOGPCINC,LNPCINC,FC,HC,ea_v5,ea_v30,ea_v32,ea_v66,pcinc_co,unempl_co,logpop,logpopsq,logdist,DIST,logruggedness,casino,logresarea_sqkm,BIA_reg,removal,popadultshare,instrument_gold,intrument_silver,wgold_enviro,wsilver_enviro,count_1_all,count_5_governance,count_5_notgovernance,count_7_governance,count_7_notgovernance,share_5_governance,share_5_notgovernance,share_7_governance,share_7_notgovernance
10,"Acoma Pueblo and Off-Reservation Trust Land, NM",ACOMA . .,437,NM,2000,8680,3.938519725,9.068776808,0,0,8,7,3,1,12625.4,5.7,7.91571331,62.65851721,4.440851212,27596.3225,-0.906329453,1,7.34050703,Southwest,10.7066927,68.54014587,0,0,0,0,209,0,1,6,24,0,0.004784689,0.028708134,0.114832535
20,"Agua Caliente Reservation, CA",CAHUILLA.,546,CA,2000,24249,4.384693834,10.09613066,0,0,0,2,3,1,17772.5,4.65,5.147494316,26.49669773,1.596140742,39.4585155,0.314948946,1,4.848791174,Pacific,11.12008572,78.4883728,4.143348217,0,665358.8125,60879.77734,3,0,0,0,0,0,0,0,0
80,"Allegany Reservation, NY",IROQUOIS.,663,NY,2000,12298,4.089834489,9.417191927,1,1,4,7,3,1,16859.5,3.8,7.092573643,50.30460088,3.36498642,2317.322187,-0.507878482,1,4.831433986,Eastern,12.6038475,69.07730865,0,0,0,0,37,0,0,8,11,0,0,0.216216221,0.297297299
140,"Bad River Reservation, WI",CHIPPEWA.,499,WI,2000,10584,4.024649831,9.267098706,0,0,2,2,3,1,16504,5.075,6.974478722,48.64335344,4.71646595,52055.41942,-2.414265394,1,6.231933642,Midwest,11.95818043,64.5463028,0,0.007717871,0,0,28,0,0,3,2,0,0,0.107142858,0.071428575
155,"Barona Reservation, CA",DIEGUENO.,339,CA,2000,38647,4.587115787,10.56222443,0,0,0,2,3,1,22926,3.6,5.869297028,34.4486476,2.877071619,753.479809,-0.591501355,1,3.183826496,Pacific,13.79118443,60.16949463,0,0,150192.2031,23443.02344,16,0,0,5,2,0,0,0.3125,0.125
165,"Battle Mountain Reservation, NV",ELKOSHOSH,584,NV,2000,12017,4.079796061,9.394077593,0,0,0,2,2,1,18268.5,5.3,4.700480461,22.09451656,4.629945278,42652.57725,-2.929140329,0,0.99445852,Western,11.65908909,73.6363678,4.357643127,2.859819174,463675.3125,327531.9063,769,0,2,2,35,0,0.00260078,0.00260078,0.045513652
170,"Bay Mills Reservation and Off-Reservation Trust Land, MI",CHIPPEWA.,499,MI,2000,12394,4.093211492,9.424967764,0,0,2,2,3,1,15858,5.3,6.519147396,42.49928277,2.892750978,781.1797529,-1.76418829,1,2.542507221,Midwest,13.22025776,64.30678558,0,0.007717871,0,0,4,0,0,0,0,0,0,0,0
250,"Big Pine Reservation, CA",E.MONO. .,572,CA,2000,11613,4.064944426,9.359880439,1,0,0,2,3,1,17567,5.35,5.572154045,31.0489007,4.781707764,60493.36785,-1.363182187,0,0.114219063,Pacific,10.94657516,81.36882019,4.535877705,8.542140007,804085.125,101600.9766,2,0,0,0,1,0,0,0,0.5
275,"Big Valley Rancheria, CA",S.POMO. .,533,CA,2000,4029,3.605197267,8.301273485,1,0,0,3,3,2,20664,4.266666667,5.21493578,27.19555519,3.154266834,1426.483768,-4.60517025,1,-0.728462328,Pacific,11.5160656,46.73913193,0,0,0,0,0,0,0,0,0,0,0,0,0
305,"Blackfeet Reservation and Off-Reservation Trust Land, MT",BLACKFOOT,619,MT,2000,8383,3.923399466,9.033961125,1,0,0,1,3,2,15438.5,3.225,9.019059181,81.34342851,4.780452728,60318.8049,-1.326036453,1,8.735126198,Rocky Mountain,12.15498829,64.71727753,3.094664097,6.774069309,0,0,169,2,1,12,13,0.01183432,0.00591716,0.071005918,0.07692308
335,"Bois Forte Reservation, MN",CHIPPEWA.,499,MN,2000,10995,4.041195234,9.305195903,0,0,2,2,3,1,18622,3.9,6.167516708,38.03826234,4.28192091,19139.07348,-2.804733276,1,6.307706472,Midwest,12.41844463,66.24738312,0,0.007717871,0,0,71,12,2,3,4,0.169014081,0.028169014,0.04225352,0.056338027
360,"Brighton Reservation, FL",CREEK . .,180,FL,2000,15709,4.19614854,9.661989075,1,1,4,7,3,1,19860.16667,3.016666667,5.942799568,35.31686671,4.081134319,12054.08693,-5.380119324,0,4.996750795,Eastern,13.64398479,58.26771927,0.059027106,0.000768176,0,0,84,,,,,,,,
400,"Burns Paiute Colony and Off-Reservation Trust Land, OR",WADATKUHT,568,OR,2000,7189,3.856668484,8.880307359,1,0,0,2,2,1,16159,6,4.948760033,24.49022586,5.054593086,113394.7861,-2.46609664,1,3.891854951,Northwest,11.8117075,58.86524963,0.847657025,0.311317027,0,0,14,0,0,0,0,0,0,0,0
440,"Yerington Colony, NV",KUYUIDOKA,569,NV,2000,8376.4625,3.923060649,9.033180968,1,0,0,2,2,1,22915.5,4.05,5.786897182,33.488179,3.888689041,7739.074745,-2.068707943,0,1.898586376,Western,11.90756321,61.65644073,4.64451313,10.2069025,1298919.125,0,6,0,0,0,0,0,0,0,0
450,"Campo Reservation, CA",DIEGUENO.,339,CA,2000,5719,3.757320097,8.651549244,0,0,0,2,3,1,22926,3.6,5.552959442,30.83535856,4.051216125,11251.6477,-0.841519237,0,4.20849779,Pacific,13.78696728,54.65116501,0,0,150192.2031,23443.02344,7,0,0,1,1,0,0,0.142857149,0.142857149
510,"Carson Colony, NV",WASHO . .,340,NV,2000,9230,3.965201701,9.130214327,1,0,0,2,2,1,22938.6,3.56,5.556828022,30.87833767,1.04101944,10.99055034,0.185513899,0,-0.313541682,Western,10.71742821,64.86486053,0,1.503729463,363154.25,0,44,3,1,3,3,0.06818182,0.022727273,0.06818182,0.06818182
525,"Catawba Reservation, SC",CATAWBA .,662,SC,2000,10525,4.022222105,9.261508659,1,1,8,5,3,1,20170.2,3.82,5.880533218,34.58067093,2.563681364,366.168823,-1.993329883,0,1.084881142,Eastern,11.71963406,63.96648407,0.558090329,0.007035839,38147.94141,0,1223,,,,,,,,
540,"Cattaraugus Reservation, NY",IROQUOIS.,663,NY,2000,12318,4.0905402,9.418816886,1,1,4,7,3,1,17718.66667,4.333333333,7.568379402,57.28036677,3.226577044,1684.911302,-1.896165133,1,4.490087473,Eastern,12.6056118,66.73553467,0,0,0,0,341,3,4,14,37,0.008797654,0.011730205,0.04105572,0.1085044
575,"Chehalis Reservation, WA",TWANA . .,71,WA,2000,8039,3.905202029,8.992059976,1,0,0,3,3,2,18404.5,4.425,5.921578407,35.06509083,3.08236146,1208.819507,-2.013465166,1,2.901124486,Northwest,10.641366,58.71313858,0,0,10525.01172,0,209,0,2,5,3,0,0.009569378,0.023923445,0.014354067
585,"Chemehuevi Reservation, CA",CHEMEHUEV,596,CA,2000,12622,4.101128176,9.443196602,0,0,1,2,2,1,16186.66667,4.033333333,5.056245804,25.56562163,1.853610516,71.3855838,-1.239506721,1,4.825571272,Western,11.95475864,66.87898254,6.530825138,2.044728279,397186.3125,92755.42969,126,1,2,12,9,0.007936508,0.015873017,0.095238097,0.071428575
605,"Cheyenne River Reservation and Off-Reservation Trust Land, SD",SANTEE. .,627,SD,2000,6609,3.820135752,8.796187635,1,0,1,2,2,1,16379,2.738461538,8.715224266,75.95513401,4.652508736,44927.13615,-2.088685274,1,9.345263089,Great Plains,12.04956341,59.6226387,3.8525002,0.084091045,510639.9063,10938.03711,878,14,9,54,61,0.01594533,0.010250569,0.061503418,0.069476083
635,"Chitimacha Reservation, LA",CHITIMACH,1224,LA,2000,21675,4.335959106,9.983914802,1,1,4,0,3,0,13721,5,5.579730034,31.13338725,3.42421627,2655.927835,-5.047802448,1,0.037699372,Eastern,11.50424004,68.30188751,0,0,0,0,1,0,0,0,0,0,0,0,0
680,"Cochiti Pueblo, NM",ACOMA . .,438,NM,2000,9671,3.985471383,9.176886996,0,0,8,8,3,1,25804.66667,2.8,6.609349251,43.68349752,3.562774658,3654.051451,-1.017830491,0,5.359443715,Southwest,10.8737936,69.13746643,0,0,0,0,103,1,0,6,7,0.009708738,0,0.058252428,0.067961164
695,"Cocopah Reservation, AZ",COCOPA. .,443,AZ,2000,5479,3.7387013,8.608677882,1,0,4,5,3,1,14020.5,5.95,6.282266617,39.46687385,2.65867424,455.6949755,-3.436899185,1,3.26073722,Western,10.86101055,71.58878326,2.809427023,1.932943702,454230.5313,83837.02344,3,1,0,0,0,0.333333343,0,0,0
705,"Coeur d'Alene Reservation, ID",COEURD'AL,556,ID,2000,10023,4.00099773,9.212637731,1,1,0,2,3,2,17117,5.5,7.101675987,50.43380182,3.72389555,5295.360722,-0.641608477,1,7.23793,Northwest,11.149333,65.07413483,0,0,0,0,38,0,1,0,3,0,0.02631579,0,0.078947365
720,"Cold Springs Rancheria, CA",MOACHE. .,602,CA,2000,6107,3.78582792,8.717190933,1,0,0,2,2,1,15088.5,7.1,5.236442089,27.42032575,3.581626892,3816.162786,-0.568195641,0,-0.883892734,Pacific,10.88064766,50,7.311562538,0,682853.875,0,369,,,,,,,,
735,"Colorado River Reservation, AZ--CA",MOHAVE. .,445,AZ--CA,2000,9459,3.975845225,9.154721948,1,1,4,5,3,1,16812.25,4.125,7.742402077,59.94478992,3.746525288,5578.600837,-1.729829669,1,7.035254522,Western,11.64923954,68.05555725,0,0,403336.7188,82353.52344,7,0,0,2,2,0,0,0.285714298,0.285714298
815,Cow Creek,TOLOWA. .,271,OR,2000,9913,3.996205106,9.201602306,0,0,0,3,2,2,16581,4.3,6.416732311,41.17445355,3.13801074,1374.075956,-1.193187714,1,0.937382774,Northwest,10.40040874,64,4.217365742,0,94186.84375,0,0,0,0,0,0,0,0,0,0
845,"Crow Reservation and Off-Reservation Trust Land, MT",CROW. . .,178,MT,2000,7942,3.899929883,8.979920412,1,1,0,2,2,1,16737.33333,3.533333333,8.555067062,73.18917244,4.298744202,19895.01183,-0.995686471,1,9.142150471,Rocky Mountain,12.06172276,63.25823212,0.252619416,2.764858007,14739.76563,49401.50781,150,4,1,10,7,0.026666667,0.006666667,0.06666667,0.046666667
855,"Crow Creek Reservation, SD",SANTEE. .,627,SD,2000,4043,3.606703741,8.30474227,1,0,1,2,2,1,17381.71429,2.485714286,7.526178837,56.64336789,4.313834667,20598.45596,-1.911212802,1,7.085837414,Great Plains,12.80406189,60.88362503,0,0,0,0,42,1,0,0,8,0.023809524,0,0,0.190476194
940,"Dresslerville Colony, NV",WASHO . .,340,NV,2000,8232,3.915505362,9.015784278,1,0,0,2,2,1,24555.5,3.925,5.662960529,32.06912195,3.185263157,1532.015492,-1.595151901,0,1.131857203,Western,10.83391857,63.19444275,0,1.503729463,522177.0938,54336.64063,44,3,1,3,3,0.06818182,0.022727273,0.06818182,0.06818182
965,"Duck Valley Reservation, NV--ID",ELKOSHOSH,584,NV--ID,2000,10122,4.005266333,9.222466552,1,0,0,2,2,1,15943.5,4.1,6.85224247,46.95322687,4.891297817,77857.02722,-0.900447369,0,7.067437541,Western,12.44991398,71.24736023,2.90642643,3.756744385,167698.1406,11506.2373,23,1,0,2,1,0.043478262,0,0.086956523,0.043478262
990,"Eastern Cherokee Reservation, NC",CHEROKEE.,278,NC,2000,12008,4.079470679,9.393328373,1,1,5,7,3,1,16953.14286,3.435714286,8.671114922,75.18823399,3.907006741,8072.475592,-0.137887388,1,5.36579817,Eastern,11.86247444,71.29629517,0.19349578,0.002096224,1236.900635,0,112,3,5,4,6,0.026785715,0.044642858,0.035714287,0.053571429
1005,"Elko Colony, NV",ELKOSHOSH,584,NV,2000,11435,4.058236169,9.344434106,0,0,0,2,2,1,18482,4,6.458338261,41.71013309,0.7210899,5.261261639,-1.468738079,0,-0.247166445,Western,11.28727818,67.55486298,4.357643127,2.859819174,205017.1094,0,0,0,0,0,0,0,0,0,0
1070,"Fallon Paiute-Shoshone Reservation and Off-Reservation Trust Land, NV",TOEDOKADO,570,NV,2000,10704.14286,4.029551897,9.278386129,0,0,0,2,2,1,19264,3.6,6.46146822,41.75057156,4.435604572,27264.94163,-2.631888866,0,-0.841959657,Western,10.8212328,66.25,0,0,0,1018704.625,0,0,0,0,0,0,0,0,0
1100,"Flandreau Reservation, SD",SANTEE. .,627,SD,2000,12032,4.080337823,9.395325046,1,0,1,2,2,1,17459.8,2.36,5.758901596,33.16494759,3.478792191,3011.564649,-2.464140654,1,2.343214015,Great Plains,12.4136858,67.19242859,0,0,0,0,1,0,0,1,0,0,0,,0
1125,"Fond du Lac Reservation and Off-Reservation Trust Land, MN--WI",CHIPPEWA.,499,MN--WI,2000,12649,4.102056193,9.44533344,0,0,2,2,3,1,17654,4.1125,7.140452862,50.98606707,2.531911612,340.3389162,-2.798176765,1,6.020617773,Midwest,12.02976799,64.18383789,0,0.007717871,0,0,104,3,1,8,7,0.028846154,0.009615385,0.07692308,0.067307696
1135,"Forest County Potawatomi Community and Off-Reservation Trust Land, WI",POTAWATOM,660,WI,2000,22315,4.348596891,10.01301438,0,1,3,3,3,1,20416.4,3.39,6.077642441,36.93773764,4.491951942,31042.16067,-2.214687347,1,3.926986805,Midwest,12.89484882,58.48624039,0,0,0,0,44,0,0,2,0,0,0,0.045454547,0
1140,"Fort Apache Reservation, AZ",W.APACHE.,441,AZ,2000,5724,3.757699625,8.652423141,1,0,3,3,3,1,13667,5.9,9.358501434,87.58154909,4.739147663,54846.34146,-0.647411942,1,8.826552426,Western,11.26333809,60.2052269,0,0,1809.797607,8123.725586,53,0,0,6,1,0,0,0.113207549,0.018867925
1170,"Fort Bidwell Reservation, CA",KIDUTOKAD,566,CA,2000,8066,3.906658218,8.995412975,1,0,0,2,2,1,19232.66667,5,4.700480461,22.09451656,4.921430588,83450.81602,0.503257513,0,2.575787172,Pacific,11.85483742,70,3.773758411,5.088439941,0,0,8,0,0,0,2,0,0,0,0.25
1185,"Fort Hall Reservation and Off-Reservation Trust Land, ID",BANNOCK .,605,ID,2000,8978,3.953179601,9.102532419,1,1,0,2,2,1,15475.66667,3.4,8.191185951,67.09552728,2.50775075,321.9220685,-0.809312403,1,7.703598861,Northwest,12.14683342,64.67165375,1.582970858,2.816390276,0,0,339,1,0,16,4,0.002949852,0,0.04719764,0.01179941
1210,"Fort McDermitt Reservation, NV--OR",KIDUTOKAD,566,NV--OR,2000,6255,3.796227314,8.741136423,1,0,0,2,2,1,16717,5.65,5.749392986,33.05551971,5.289097309,194579.6013,-0.933028519,0,4.950723315,Western,12.65785027,68.47133636,2.648919106,3.915896654,352596.1875,249067.6094,1,0,0,0,0,0,0,0,0
1220,"Fort McDowell Reservation, AZ",YAVAPAI .,608,AZ,2000,17635,4.246375464,9.777640843,1,0,0,2,2,1,19138,3.45,6.61740303,43.79002286,1.770994663,59.01938276,-2.004242897,1,4.613638864,Western,11.79385567,59.62566757,2.012966633,3.158686638,12933.59473,87083.47656,16,0,0,2,3,0,0,0.125,0.1875
1235,"Fort Mojave Reservation and Off-Reservation Trust Land, AZ--CA--NV",MOHAVE. .,445,AZ--CA--NV,2000,9507,3.978043494,9.159783648,1,1,4,5,3,1,18476.33333,4.266666667,6.26720047,39.27780173,3.155387402,1430.169136,-2.0234828,1,4.924089312,Western,10.68455505,59.01328278,0,0,361329.0313,84381.625,4,0,0,2,0,0,0,0.5,0
1250,"Fort Peck Reservation and Off-Reservation Trust Land, MT",SANTEE. .,627,MT,2000,6970,3.843232778,8.849370504,1,0,1,2,2,1,15572.83333,2.45,8.743691444,76.45214007,4.982481003,96046.38042,-2.122820616,1,9.053969197,Rocky Mountain,13.47752571,60.85153961,1.362270832,0.029735178,0,10897.35645,102,0,0,5,8,0,0,0.049019609,0.078431375
1280,"Fort Yuma Reservation, CA--AZ",YUMA. . .,446,CA--AZ,2000,8858,3.947335676,9.089076284,1,0,5,7,2,1,14020.5,5.95,7.173191547,51.45467697,1.927825809,84.68876672,-2.109514475,1,5.204257503,Western,10.75236797,61.5030632,2.809427023,1.932943702,454230.5313,83837.02344,6,0,0,2,1,0,0,0.333333343,0.166666672
1310,"Gila River Reservation, AZ",PAPAGO. .,184,AZ,2000,5746,3.759365622,8.65625924,1,0,5,3,3,1,19138,3.45,9.241548538,85.40621938,2.929868937,850.8812165,-1.293719888,1,7.322810163,Western,11.71391487,61.08364868,0,3.02473402,12933.59473,87083.47656,26,1,0,0,2,0.03846154,0,0,0.07692308
1355,"Grand Portage Reservation and Off-Reservation Trust Land, MN",CHIPPEWA.,499,MN,2000,14863,4.172106478,9.606630182,0,0,2,2,3,1,21775,4.1,5.710426807,32.60897432,5.397212505,249581.566,-1.066496968,1,5.277467754,Midwest,12.41974735,72.18543243,0,0.007717871,0,0,10,1,0,1,1,0.100000001,0,0.100000001,0.100000001
1395,"Grindstone Rancheria, CA",NOMLAKI .,72,CA,2000,5358,3.729002709,8.58634605,0,0,0,7,2,2,14931,5.4,5.017279625,25.17309484,4.063340187,11570.18191,-1.3596735,0,-1.124588569,Pacific,11.30922222,58.27814484,0,0.325512439,0,0,0,0,0,0,0,0,0,0,0
1410,"Hannahville Community and Off-Reservation Trust Land, MI",POTAWATOM,660,MI,2000,9788,3.990693961,9.188912425,1,1,3,3,3,1,17788,3.9,5.746203423,33.01885378,3.241824865,1745.11827,-2.850929022,1,3.100553782,Midwest,12.77260494,62.61980438,0,0,0,0,0,0,0,0,0,0,0,0,0
1440,"Havasupai Reservation, AZ",WALAPAI .,607,AZ,2000,7038,3.847449262,8.859079318,1,0,0,2,3,1,16963.5,4.25,6.01615715,36.19414685,4.914308548,82093.45767,-0.208696663,0,6.571443235,Western,11.21771622,57.80487823,0,0,2848.580566,63932.80469,9,0,0,2,2,0,0,0.222222224,0.222222224
1450,"Ho-Chunk Reservation and Off-Reservation Trust Land, WI--MN",WINNEBAGO,78,WI--MN,2000,9969,3.998651596,9.207235557,1,1,3,3,3,1,18445.26087,3.208695652,6.559615135,43.02855072,3.885717869,7686.309515,-2.562683582,1,2.924669704,Midwest,12.20218945,60.90651703,0,0,0,0,0,0,0,0,0,0,0,0,0
1475,"Hollywood Reservation, FL",CREEK . .,180,FL,2000,12737,4.105067149,9.452266423,1,1,4,7,3,1,20833.5,4.15,6.242223263,38.96535127,1.12603426,13.3670096,-4.60517025,0,0.743463489,Eastern,13.76484585,59.33852386,0.059027106,0.000768176,0,0,113,,,,,,,,
1490,"Hoopa Valley Reservation, CA",HUPA. . .,518,CA,2000,9757,3.989316305,9.185740255,0,0,0,7,3,2,16553.5,5.575,7.687080383,59.09120481,3.761962652,5780.463353,0.307579517,1,5.9052658,Pacific,10.02093506,62.93578339,5.853612423,0.493419349,612215,19111.73828,13,0,0,2,3,0,0,0.15384616,0.230769232
1505,"Hopi Reservation and Off-Reservation Trust Land, AZ",HOPI. . .,442,AZ,2000,7803,3.892261607,8.962263554,1,0,8,7,3,1,12578,7.033333333,8.774930954,76.99941325,4.809431076,64480.89785,-1.480205178,0,8.789058042,Western,10.86278057,65.82688904,0,0,0,0,250,2,1,47,35,0.008,0.004,0.187999994,0.140000001
1545,"Hualapai Reservation and Off-Reservation Trust Land, AZ",WALAPAI .,607,AZ,2000,7793,3.891704676,8.960981174,1,0,0,2,3,1,18859.75,3.85,7.123672962,50.74671647,4.568811417,37051.97963,-0.196936637,0,8.332251696,Western,11.35023689,63.17486191,0,5.088288307,7579.622559,85057.54688,16,1,0,3,0,0.0625,0,0.1875,0
1575,"Indian Township Reservation, ME",MICMAC. .,504,ME,2000,10690,4.028977705,9.277064004,1,1,0,2,2,1,14119,4.8,6.315358162,39.88374871,4.655985832,45288.28055,-3.080335379,0,4.722739033,Eastern,11.26428509,64.01446533,0,0.05206532,0,4511.660645,5,0,0,2,1,0,0,0.400000006,0.200000003
1610,"Isabella Reservation and Off-Reservation Trust Land, MI",CHIPPEWA.,499,MI,2000,17436,4.24144686,9.766292313,0,0,2,2,3,1,17469.11111,4.222222222,7.223295689,52.17600061,2.13683629,137.0365102,-3.226620674,1,6.337262649,Midwest,13.33158588,64.77024078,0,0.007717871,0,0,6,0,0,0,0,0,0,0,0
1625,"Isleta Pueblo, NM",ISLETA. .,434,NM,2000,11947,4.077258864,9.38823548,0,0,8,7,2,1,16999.2,4.06,7.875879288,62.02947456,2.40604949,254.7120493,-1.216281772,1,6.754356087,Southwest,10.59447575,70.67983246,0,0,0,0,144,0,1,9,21,0,0.006944444,0.0625,0.145833328
1655,Jamestown S'Klallam,KLALLAM .,478,WA,2000,28813,4.459588479,10.26858195,0,0,0,2,3,4,20864,3.75,5.908082962,34.90544429,3.51639843,3283.96432,3.040420055,1,-1.558111309,Northwest,10.82286549,64,0,0,0,0,92,2,0,10,1,0.021739131,0,0.108695649,0.010869565
1685,"Jemez Pueblo, NM",JEMEZ . .,387,NM,2000,7938,3.899711095,8.979416633,0,0,7,7,3,1,26910,2.65,7.562161446,57.18628574,3.93928957,8695.400099,-0.460741669,0,5.891235766,Southwest,10.00501823,68.65904236,0,0,0,0,125,0,2,5,11,0,0.016000001,0.039999999,0.088
1700,"Jicarilla Apache Reservation, NM",W.APACHE.,441,NM,2000,8791,3.94403828,9.08148375,1,0,3,3,3,1,15408.4,4.86,7.796058178,60.77852311,4.65245533,44921.61174,-1.127398968,0,8.172288962,Southwest,12.55018806,63.80090714,0,0,0,0,17,0,1,1,3,0,0.05882353,0.05882353,0.176470593
1735,"Kalispel Reservation, WA",KALISPEL.,555,WA,2000,6822,3.833911715,8.827907963,1,0,0,2,3,1,16953,5.3,5.153291702,26.55641537,4.314349174,20622.87334,-1.03119278,0,2.952052269,Northwest,11.1907444,57.22543716,0,0,0,0,3,1,0,0,0,0.333333343,0,0,0
1750,"Karuk Reservation and Off-Reservation Trust Land, CA",KAROK . .,517,CA,2000,4938,3.693551086,8.50471567,1,0,0,7,3,2,16553.5,5.575,5.129898548,26.31585911,4.368801594,23377.68991,-0.338291377,0,1.066371271,Pacific,10.77772427,59.76331329,27.73145485,0,612215,19111.73828,0,0,0,0,0,0,0,0,0
1770,"Kickapoo (KS) Reservation, KS",FOX . . .,383,KS,2000,8433,3.9259821,9.03990786,1,1,4,2,3,1,16682.71429,3,6.586171627,43.3776567,3.774279833,5946.752076,-2.448606253,0,6.420216678,Southern Plains,13.38573074,58.34482956,0,0,0,0,0,0,0,0,0,0,0,0,0
1815,"Lac Courte Oreilles Reservation and Off-Reservation Trust Land, WI",CHIPPEWA.,499,WI,2000,9119,3.959947216,9.118115428,0,0,2,2,3,1,17243.25,3.9,7.580189228,57.45926873,4.657057285,45400.14974,-2.200712681,1,5.774130559,Midwest,11.93266869,62.78713226,0,0.007717871,0,0,2916,37,34,74,187,0.012688614,0.011659808,0.025377229,0.064128943
1825,"Lac du Flambeau Reservation, WI",CHIPPEWA.,499,WI,2000,10741,4.031044717,9.281823474,0,0,2,2,3,1,18328.75,3.95,7.351799965,54.04896273,4.506930828,32131.48726,-3.606480122,1,5.858557698,Midwest,12.12993813,62.92494965,0,0.007717871,0,0,21,0,0,3,0,0,0,0.142857149,0
1830,"Lac Vieux Desert Reservation, MI",CHIPPEWA.,499,MI,2000,7843,3.894482215,8.967376693,0,0,2,2,3,1,16836.4,4.52,4.905274868,24.06172153,4.832118988,67938.97464,-3.504504442,1,0.283323505,Midwest,12.27635479,65.92592621,0,0.007717871,0,4956.992188,0,0,0,0,0,0,0,0,0
1840,"Laguna Pueblo and Off-Reservation Trust Land, NM",ACOMA . .,439,NM,2000,8615,3.935255282,9.061260149,0,0,1,2,3,1,14727.28571,5.171428571,8.207402229,67.36145135,4.10806036,12825.08818,-1.200065494,0,7.608155343,Southwest,10.98072147,70.44711304,0,0,0,0,253,,,,,,,,
1850,"La Jolla Reservation, CA",LUISENO .,548,CA,2000,13156,4.119123865,9.484633207,0,0,0,2,2,1,20807.5,4,5.676753998,32.22553595,3.263273478,1833.468604,0.431818843,0,3.556681988,Pacific,10.97394466,72.94520569,0,0,330985.625,25831.24609,19,0,0,1,2,0,0,0.052631579,0.105263159
1860,"Lake Traverse Reservation, SD--ND",SANTEE. .,627,SD--ND,2000,7786,3.891314399,8.960082528,1,0,1,2,2,1,16759.1,2.54,8.140024185,66.25999373,4.418450832,26209.02303,-2.435647726,1,8.270613262,Great Plains,12.59428024,60.48410416,0,0,0,0,22,1,0,5,0,0.045454547,0,0.227272734,0
1880,"L'Anse Reservation and Off-Reservation Trust Land, MI",CHIPPEWA.,499,MI,2000,12048,4.080914959,9.39665395,0,0,2,2,3,1,16804.5,4.25,6.748759747,45.54575812,4.402832031,25283.19948,-1.406187773,1,5.652689125,Midwest,12.48338223,68.46424103,0,0.007717871,0,0,2,0,0,0,0,0,0,0,0
1925,"Laytonville Rancheria, CA",HUPA. . .,518,CA,2000,8048,3.905687968,8.993178892,1,0,0,7,3,2,19443,4.5,5.272999763,27.8045265,4.148170471,14065.9954,-1.524977803,1,-0.237828567,Pacific,9.93353653,65.12820435,5.853612423,0.493419349,0,0,5,1,0,0,1,0.200000003,0,0,0.200000003
1940,"Leech Lake Reservation and Off-Reservation Trust Land, MN",CHIPPEWA.,499,MN,2000,8180,3.912753304,9.00944743,1,0,2,2,3,1,17809.83333,3.95,8.402007103,70.59372336,3.894243002,7838.681199,-3.20058465,1,8.129340811,Midwest,12.0345335,61.2208252,0,0,0,0,223,37,17,13,18,0.165919289,0.076233186,0.058295965,0.080717489
1960,Little River,OTTAWA. .,503,GA,2000,17467,4.24221832,9.768068665,1,1,3,3,3,1,17458.5,4.1,6.739336491,45.41865634,4.28791666,19405.13464,-2.24323082,1,-0.342953516,Midwest,11.65868092,64,0,0,0,0,0,0,0,0,0,0,0,0,0
1963,Little Traverse Bay,OTTAWA. .,503,MI,2000,19062,4.280168465,9.855452103,1,1,3,3,3,1,20600,4.35,7.23849678,52.39583563,4.419838905,26292.92517,-1.524977803,1,-4.485431591,Midwest,11.24023628,64,0,0,0,0,34,0,0,0,3,0,0,0,0.088235296
2030,"Lower Brule Reservation and Off-Reservation Trust Land, SD",SANTEE. .,627,SD,2000,6129,3.787389621,8.720786883,0,0,1,2,2,1,15312.85714,3.814285714,7.087573528,50.23369851,4.018000603,10423.18876,-1.844191313,1,6.914911875,Great Plains,12.54220295,57.81119537,3.8525002,0.084091045,0,0,19,0,0,1,2,0,0,0.052631579,0.105263159
2040,"Lower Elwha Reservation and Off-Reservation Trust Land, WA",KLALLAM .,478,WA,2000,8082,3.907518846,8.997394646,1,0,0,2,3,4,19517,3.9,5.54517746,30.74899306,2.268680811,185.6439545,-1.296887755,0,0.769429228,Northwest,10.33923244,57.421875,0,0,0,0,1,0,0,0,0,0,0,0,0
2055,"Lower Sioux Reservation, MN",SANTEE. .,627,MN,2000,28584,4.456123003,10.2606024,0,0,1,2,2,1,18736,2.766666667,5.572154045,31.0489007,3.878635645,7561.982098,-2.051537037,1,1.937536807,Midwest,12.23803234,63.11787415,0,0,0,0,9,0,0,1,0,0,0,0.111111112,0
2070,"Lummi Reservation, WA",LUMMI . .,477,WA,2000,10145,4.006252051,9.224736252,1,0,0,2,3,4,20640.5,4.6,7.614805222,57.98525857,2.41914463,262.5092616,0.969804406,1,4.553767263,Northwest,10.02378654,64.10256958,0,0,0,0,28,0,0,9,0,0,0,0.321428567,0
2085,"Makah Reservation, WA",MAKAH . .,507,WA,2000,9835,3.992774364,9.193702731,1,0,0,3,3,4,19517,3.9,6.981005669,48.73444015,4.531330585,33988.38942,0.279349536,1,4.803875263,Northwest,10.36083317,65.1486969,0,0,0,0,27,0,0,2,3,0,0,0.074074075,0.111111112
2100,"Manchester-Point Arena Rancheria, CA",S.POMO. .,534,CA,2000,6498,3.812779707,8.779249716,1,0,0,2,3,2,19443,4.5,5.135798454,26.37642576,3.842621088,6960.189885,-1.602269411,0,0.421580398,Pacific,11.59226418,71.76470947,0,0,0,0,2,0,0,0,1,0,0,0,0.5
2130,"Maricopa (Ak Chin) Reservation, AZ",PAPAGO. .,184,AZ,2000,7811,3.892706638,8.963288276,1,0,5,3,3,1,19138,3.45,6.480044365,41.99097497,3.402243614,2524.896697,-2.911197662,1,4.449272515,Western,11.13454533,59.9693222,0,1.646788359,12933.59473,87083.47656,0,0,0,0,0,0,0,0,0
2175,"Menominee Reservation and Off-Reservation Trust Land, WI",MENOMINI.,661,WI,2000,8096,3.908270499,8.999125392,1,1,2,3,3,1,19059.83333,2.766666667,7.942006588,63.07546864,4.206430912,16085.3647,-2.622762203,0,6.840156844,Midwest,12.18492985,59.54496765,0,0,0,0,52,1,0,4,3,0.01923077,0,0.07692308,0.057692308
2190,Mesa Grande,DIEGUENO.,339,CA,2000,10394,4.016782712,9.248983996,0,0,0,2,3,1,22926,3.6,5.783825397,33.45263622,3.457936764,2870.362607,-0.066052303,0,1.272164326,Pacific,13.79483986,64,0,0,150192.2031,23443.02344,5,0,0,1,1,0,0,0.200000003,0.200000003
2205,"Mescalero Reservation, NM",W.APACHE.,441,NM,2000,7541,3.877428941,8.928110078,1,0,3,3,3,1,16224.33333,3.8,7.954372406,63.27204037,3.803601503,6362.114829,-0.53203243,1,7.529596691,Southwest,12.71285629,62.8862381,0.334744096,0.694933116,0,0,43,2,0,7,3,0.046511628,0,0.162790701,0.069767445
2270,"Mille Lacs Reservation and Off-Reservation Trust Land, MN",CHIPPEWA.,499,MN,2000,9790,3.990782692,9.189116736,1,0,2,2,3,1,18314.1,3.7,6.879355907,47.3255377,3.956797361,9053.100913,-3.238984108,1,5.582677994,Midwest,12.4350214,61.11111069,0,0,0,0,78,9,1,2,8,0.115384616,0.012820513,0.025641026,0.102564104
2300,"Mississippi Choctaw Reservation and Off-Reservation Trust Land, MS",CHOCTAW .,1159,MS,2000,6864,3.836577275,8.834045641,1,1,4,5,2,1,14835.17647,4.2,8.320691109,69.23390053,4.135638714,13665.91496,-2.744316578,1,4.433590208,Eastern,12.01143646,60.85686493,0,0,0,0,4,0,0,0,0,0,0,0,0
2315,"Moapa River Reservation, NV",MOAPA . .,593,NV,2000,13252,4.122281427,9.491903763,0,0,0,2,2,1,19555.5,3.35,5.056245804,25.56562163,3.976788521,9479.567445,-1.31730926,1,5.669727797,Western,10.88989258,78.980896,0,0,0,422552.2188,0,0,0,0,0,0,0,0,0
2360,"Morongo Reservation, CA",CAHUILLA.,546,CA,2000,23219,4.365843512,10.05272619,0,0,0,2,3,1,17772.5,4.65,6.368186951,40.55380504,1.917662263,82.72985496,0.163722783,1,4.846763222,Pacific,11.43622398,57.1183548,4.143348217,0,665358.8125,60879.77734,33,0,1,5,3,0,0.030303031,0.151515156,0.090909094
2375,"Muckleshoot Reservation and Off-Reservation Trust Land, WA",SQUAMISH.,475,WA,2000,9194,3.963504499,9.126306376,1,0,0,3,3,2,25234.5,3.6,6.936342716,48.11285027,1.632082462,42.86298994,-2.060505867,1,2.736726049,Northwest,11.13798618,56.75413132,0,0,0,0,9,0,0,1,0,0,0,0.111111112,0
2400,"Nambe Pueblo and Off-Reservation Trust Land, NM",TEWA. . .,435,NM,2000,9295,3.968249394,9.1372319,0,0,9,7,2,1,19622.2,4.12,6.152732849,37.85612151,3.051295042,1125.369245,-0.564609766,0,4.4285608,Southwest,10.51367378,68.51064301,0,0,0,12977.11426,47,1,1,4,5,0.021276595,0.021276595,0.08510638,0.106382981
2430,"Navajo Nation Reservation and Off-Reservation Trust Land, AZ--NM--UT",NAVAHO. .,182,AZ--NM--UT,2000,6807,3.832955751,8.825706773,1,0,7,3,3,1,15736.83333,4.691666667,12.07166672,145.7251374,4.760127068,57560.83264,-1.231336832,0,11.04139221,Navajo,12.22800255,63.08486938,0,0,0,62152.21875,16,0,0,0,0,0,0,0,0
2445,"Nez Perce Reservation, ID",NEZPERCE.,562,ID,2000,10369,4.015736874,9.246575865,1,1,0,2,3,2,15922,5.26,7.643482685,58.42282756,3.883329868,7644.161753,-0.583042264,1,8.045373539,Northwest,11.56516743,66.60277557,1.089992762,0,16883.83789,0,46,0,1,3,2,0,0.021739131,0.065217391,0.043478262
2460,"Nisqually Reservation, WA",PUYALLUP.,479,WA,2000,11072,4.044226077,9.312174678,1,0,0,3,3,2,21681.5,4,5.749392986,33.05551971,2.545760155,351.3663399,-1.958580017,1,3.058397336,Northwest,10.290308,68.78981018,0,0,0,0,3,0,0,0,0,0,0,0,0
2475,"Nooksack Reservation and Off-Reservation Trust Land, WA",SQUAMISH.,475,WA,2000,9695,3.986547813,9.179365568,1,0,0,3,3,2,20640.5,4.6,5.852202415,34.24827311,3.002142668,1004.945865,-1.143363833,1,2.395055627,Northwest,10.41631222,65.22988892,0,0,0,0,1,0,0,1,0,0,0,,0
2490,"Northern Cheyenne Reservation and Off-Reservation Trust Land, MT--SD",CHEYENNE.,275,MT--SD,2000,6730,3.828015064,8.814330423,1,1,0,1,3,1,15666.25,4.425,8.280964851,68.57437886,4.437672615,27395.08265,-1.148347139,1,7.512834013,Rocky Mountain,12.61008263,60.23302841,0,0,423322.5625,2266.919189,112,0,2,12,6,0,0.017857144,0.107142858,0.053571429
2550,"Omaha Reservation, NE--IA",OMAHA . .,179,NE--IA,2000,6328,3.80126647,8.752739509,1,1,4,3,3,1,16494.85714,2.142857143,7.705262661,59.37107268,3.780267715,6029.31141,-2.378551483,1,6.68835479,Great Plains,11.17063999,56.1711731,0,0,0,0,18,0,0,1,0,0,0,0.055555556,0
2555,Oneida Nation,IROQUOIS.,663,NY,2000,16929,4.228631305,9.736783407,1,1,4,7,3,1,18810.5,4,9.366745949,87.73592967,1.849133372,70.65344985,-0.316881239,1,-1.547887926,Eastern,11.82146358,64,0,0,0,0,319,2,4,32,37,0.006269592,0.012539185,0.100313477,0.115987457
2560,"Oneida (WI) Reservation and Off-Reservation Trust Land, WI",IROQUOIS.,663,WI,2000,14771,4.169409898,9.600421078,1,1,4,7,3,1,20530.6,2.36,7.998671532,63.97874628,2.37507534,237.1785121,-3.126100779,1,5.580176606,Midwest,13.82916737,66.61067963,0,0,0,0,0,0,0,0,0,0,0,0,0
2570,"Onondaga Reservation, NY",IROQUOIS.,663,NY,2000,14925,4.17391434,9.610792938,1,1,4,7,3,1,18653.66667,4.066666667,6.610695839,43.70129948,2.492101669,310.5286458,-0.597023785,0,3.181073527,Eastern,11.87239742,52.48990631,0,0,0,0,25,2,0,5,7,0.079999998,0,0.200000003,0.280000001
2625,"Paiute (UT) Reservation, UT",SHIVWITS.,594,UT,2000,5594,3.747722462,8.629449874,1,0,1,2,2,1,14607.875,3.0875,5.509388447,30.35336106,3.215315104,1641.780539,-0.358878195,0,4.881499107,Western,11.89285469,55.06072617,0,7.184851646,2651.468262,245238.6406,0,0,0,0,0,0,0,0,0
2635,"Pala Reservation, CA",LUISENO .,548,CA,2000,11991,4.078855403,9.391911647,1,0,0,2,2,1,20807.5,4,6.566672325,43.12118542,2.876703739,752.8418256,-0.014759589,0,3.960445511,Pacific,10.79355621,64.69760895,0,0,330985.625,25831.24609,14,0,0,3,2,0,0,0.214285716,0.142857149
2745,"Pechanga Reservation, CA",LUISENO .,548,CA,2000,13717,4.137259139,9.526391218,0,0,0,2,2,1,20807.5,4,6.120297432,37.45804066,2.268100023,185.3958563,-0.338908553,1,2.892959328,Pacific,10.71981049,52.9670372,0,0,330985.625,25831.24609,9,0,0,1,2,0,0,0.111111112,0.222222224
2760,"Penobscot Reservation and Off-Reservation Trust Land, ME",MICMAC. .,504,ME,2000,13335,4.12499302,9.498147437,1,1,0,2,2,1,16168.875,4,6.028278351,36.34013988,4.385148048,24274.37453,-1.338439226,0,5.788964705,Eastern,11.79767132,73.97590637,0.004357456,0.011623757,0,891.1110229,1,0,1,0,0,0,,0,0
2785,"Picuris Pueblo, NM",ISLETA. .,434,NM,2000,7420,3.870403905,8.911934336,0,0,8,7,2,1,16575,5.025,5.147494316,26.49669773,4.111302853,12921.20012,-0.402681231,0,4.260629876,Southwest,10.08450317,72.67441559,0,0,0,0,60,0,3,5,11,0,0.050000001,0.083333336,0.183333337
2810,"Pine Ridge Reservation and Off-Reservation Trust Land, SD--NE",SANTEE. .,627,SD--NE,2000,5619,3.749659032,8.633908991,1,0,1,2,2,1,14514.9,4.04,9.564863205,91.48660813,4.718955517,52354.68089,-1.969482064,1,9.10427609,Great Plains,11.96393204,58.21817017,3.8525002,0.084091045,0,8842.992188,1312,24,22,54,91,0.018292682,0.016768293,0.041158538,0.069359757
2835,Pit River,ACHOMAWI.,525,CA,2000,9625,3.983400738,9.172119159,1,0,0,2,3,2,17738,5,7.457609177,55.61593464,4.164507866,14605.21202,-1.117677808,1,0.0838591,Pacific,12.49563122,64,0,0,0,0,0,0,0,0,0,0,0,0,0
2850,"Pleasant Point Reservation, ME",MICMAC. .,504,ME,2000,8599,3.934447949,9.059401196,1,1,0,2,2,1,14119,4.8,6.226536751,38.76975991,4.921323299,83430.20283,-2.709850311,0,0.186041153,Eastern,11.54876518,72.33201599,0,0.05206532,0,4511.660645,2,0,0,0,0,0,0,0,0
2865,"Poarch Creek Reservation and Off-Reservation Trust Land, AL--FL",CREEK . .,180,AL--FL,2000,8294,3.918764031,9.023287641,1,1,4,7,3,1,16332.44444,4.133333333,4.727387905,22.3481964,4.378821373,23923.31579,-2.834923506,1,0.480820137,Eastern,13.04421425,65.48672485,0.059027106,0.000768176,0,0,0,0,0,0,0,0,0,0,0
2880,"Pojoaque Pueblo, NM",TEWA. . .,435,NM,2000,10911,4.037864556,9.297526734,0,0,9,7,2,1,24167.66667,3.1,5.676753998,32.22553595,3.196368694,1571.69653,-2.085248947,1,4.003595017,Southwest,10.52548122,61.64383316,0,0,0,0,60,1,0,7,10,0.016666668,0,0.116666667,0.166666672
2910,"Port Gamble Reservation, WA",KLALLAM .,478,WA,2000,8539,3.931407014,9.052399184,1,0,0,2,3,4,23787.6,3.34,6.133398056,37.61857171,2.68060708,479.2996153,2.54120183,1,1.580017847,Northwest,11.32276917,60.73752594,0,0,0,0,1,0,0,0,0,0,0,0,0
2925,"Port Madison Reservation, WA",SQUAMISH.,475,WA,2000,13613,4.133953845,9.518780498,0,0,0,3,3,2,23787.6,3.34,6.220590115,38.69574138,2.749449968,561.6295737,1.698550105,1,3.407088516,Northwest,10.95218563,69.58250427,0,0,0,0,2,0,0,0,0,0,0,0,0
2980,"Prairie Band Potawatomi Reservation, KS",POTAWATOM,660,KS,2000,12578,4.09961159,9.439704535,0,1,3,3,3,1,18100,2.342857143,6.182085037,38.2181754,3.572064161,3733.053047,-2.311316967,1,5.751792732,Southern Plains,13.85752964,65.0826416,0,0,0,0,2,,,,,,,,
2985,"Prairie Island Indian Community and Off-Reservation Trust Land, MN",SANTEE. .,627,MN,2000,28659,4.457261032,10.26322281,0,0,1,2,2,1,24315.5,2.45,5.241746902,27.47591058,2.735481739,543.8532636,-2.910721302,1,1.514443173,Midwest,12.72847176,65.07936859,0,0,0,0,25,0,0,3,2,0,0,0.119999997,0.079999998
3000,"Puyallup Reservation and Off-Reservation Trust Land, WA",PUYALLUP.,479,WA,2000,12439,4.094785468,9.428591977,1,0,0,3,3,2,24262,3.566666667,7.234177113,52.3333185,1.744289041,55.49949617,0.162583679,1,4.328555856,Northwest,10.81783676,64.06926727,0,0,0,0,15,0,0,1,2,0,0,0.06666667,0.13333334
3010,"Pyramid Lake Reservation, NV",KUYUIDOKA,569,NV,2000,10878,4.036549054,9.29449768,0,0,0,2,2,1,19510.66667,3.716666667,7.088408947,50.2455414,4.159040928,14422.51263,-0.218825296,0,7.539794765,Western,11.80664539,65.44239807,0,0,144801.8125,613712.375,2,0,0,0,0,0,0,0,0
3030,"Quileute Reservation, WA",QUILEUTE.,480,WA,2000,9104,3.959232249,9.116469156,1,0,0,7,3,4,20864,3.75,5.710426807,32.60897432,4.531565666,34006.79209,-1.608988404,0,1.40349295,Northwest,10.4790411,64.90065765,0,0,0,0,3,0,0,0,0,0,0,0,0
3085,"Red Cliff Reservation and Off-Reservation Trust Land, WI",CHIPPEWA.,499,WI,2000,8587,3.933841463,9.058004711,0,0,2,2,3,1,16407,5.3,6.811244488,46.39305148,4.582036972,38197.67876,-1.410216451,1,4.081754823,Midwest,11.98892403,63.10572815,0,0.007717871,0,0,11,0,0,0,0,0,0,0,0
3100,"Red Lake Reservation, MN",CHIPPEWA.,499,MN,2000,7876,3.896305707,8.97157544,1,0,2,2,3,1,16744.55556,4.455555556,8.497602463,72.20924762,4.347146988,22240.62502,-3.716922998,1,8.089500148,Midwest,12.77789879,57.18947601,0,0.007717871,0,0,118,6,3,8,3,0.050847456,0.025423728,0.06779661,0.025423728
3130,"Reno-Sparks Colony, NV",WASHO . .,340,NV,2000,11465,4.059374059,9.347054195,1,0,0,2,2,1,22685.25,3.8,6.705638885,44.96559286,2.87552309,750.7979711,-1.006064177,0,2.147440763,Western,15.07732868,71.35862732,2.669948578,8.140219688,0,0,0,0,0,0,0,0,0,0,0
3165,"Rincon Reservation, CA",LUISENO .,548,CA,2000,14246,4.15369294,9.564231445,0,0,0,2,2,1,20807.5,4,6.030685425,36.3691667,2.99600029,990.8326063,-0.312972307,1,2.761743773,Pacific,10.92419338,70.67308044,0,0,330985.625,25831.24609,18,0,0,3,1,0,0,0.166666672,0.055555556
3205,"Rocky Boy's Reservation and Off-Reservation Trust Land, MT",CHIPPEWA.,499,MT,2000,6951,3.842047289,8.846640813,1,0,2,2,3,1,13962.33333,5.6,7.837554455,61.42725984,4.94203949,87506.33398,-0.790661156,1,6.09675392,Rocky Mountain,14.16280651,57.65588379,0,0.007717871,0,52066.46094,27,0,0,3,1,0,0,0.111111112,0.037037037
3235,"Rosebud Reservation and Off-Reservation Trust Land, SD",SANTEE. .,627,SD,2000,5613,3.749195042,8.632840615,1,0,1,2,2,1,13804,3.314285714,9.069582939,82.25733469,4.806215763,64005.2743,-2.18162632,1,8.539819074,Great Plains,12.27938175,57.93714523,3.8525002,0.084091045,0,0,307,6,2,23,21,0.019543974,0.006514658,0.074918568,0.068403907
3280,"Sac and Fox/Meskwaki Reservation and Off-Reservation Trust Land, IA",FOX . . .,383,IA,2000,7795,3.89181612,8.961237781,1,1,4,2,3,1,18631,2.7,6.428105354,41.32053844,3.150061131,1412.736385,-2.001208305,1,2.824594289,Midwest,12.95399666,62.35864258,0,0,0,0,0,0,0,0,0,0,0,0,0
3305,"St. Croix Reservation and Off-Reservation Trust Land, WI",CHIPPEWA.,499,WI,2000,10824,4.034387784,9.28952117,0,0,2,2,3,1,17892.66667,3.583333333,6.274762154,39.37264009,4.433725834,27147.24947,-2.964258432,1,2.237854102,Midwest,12.03524017,61.95856857,0,0.007717871,0,0,7,0,0,0,0,0,0,0,0
3320,"St. Regis Mohawk Reservation, NY",IROQUOIS.,663,NY,2000,12016,4.07975992,9.393994374,1,1,4,7,3,1,15808,5.25,7.855932236,61.7156713,2.999512434,998.8779678,-3.607177973,1,3.993791705,Eastern,12.2783165,69.31421661,0,0,0,0,62,0,0,6,6,0,0,0.096774191,0.096774191
3340,"Salt River Reservation, AZ",PAPAGO. .,184,AZ,2000,7680,3.88536122,8.946374826,1,0,5,3,3,1,19138,3.45,8.125926971,66.03068914,2.285673857,193.0518006,-1.788168788,1,5.391669245,Western,11.76301384,62.76249695,0,2.591112614,12933.59473,87083.47656,626,2,5,27,21,0.003194888,0.007987221,0.04313099,0.033546325
3355,"San Carlos Reservation, AZ",W.APACHE.,441,AZ,2000,4970,3.696356389,8.511175119,1,0,3,3,3,1,13749.8,5.76,9.078977585,82.42783399,4.774825573,59542.29539,-0.555882931,1,8.933364005,Western,11.6220932,60.96476364,1.015124321,1.876982927,0,25191.72656,42,1,0,6,0,0.023809524,0,0.142857149,0
3370,"Sandia Pueblo, NM",ISLETA. .,434,NM,2000,10225,4.009663317,9.232590981,0,0,8,7,2,1,19982,3.85,6.226536751,38.76975991,2.369649649,234.2338456,-0.641377568,1,4.619404185,Southwest,10.80356312,68.1818161,0,0,0,0,59,0,0,7,12,0,0,0.118644066,0.203389823
3400,"San Felipe Pueblo, NM",ACOMA . .,440,NM,2000,7615,3.881669908,8.937875265,0,0,2,2,3,1,21186,3.6,7.816820145,61.10267718,3.400716782,2516.035599,-1.238537788,1,5.334056912,Southwest,10.55267048,67.16358185,0,0,0,0,45,0,1,5,8,0,0.022222223,0.111111112,0.177777782
3415,"San Ildefonso Pueblo, NM",TEWA. . .,435,NM,2000,9390,3.972665592,9.147400572,0,0,9,7,2,1,22919.25,3.3,6.298949242,39.67676155,3.359657764,2289.063099,-1.501961946,0,4.735201847,Southwest,10.60811329,64.70588684,0,0,0,0,82,2,1,3,9,0.024390243,0.012195121,0.036585364,0.109756097
3430,"San Juan Pueblo, NM",TEWA. . .,435,NM,2000,11275,4.052116551,9.330343164,0,0,9,7,2,1,22919.25,3.3,7.189922333,51.69498315,3.755020857,5688.802505,-3.517407894,1,4.23688604,Southwest,10.64446163,69.15534973,0,0,0,0,126,0,1,6,21,0,0.007936508,0.047619049,0.166666672
3460,"San Pasqual Reservation, CA",DIEGUENO.,339,CA,2000,7497,3.874887511,8.92225822,0,0,0,2,3,1,22926,3.6,5.805134773,33.69958973,2.662226915,459.4380028,-0.828478754,0,1.7604672,Pacific,13.81019306,66.56626129,0,0,150192.2031,23443.02344,4,0,0,0,0,0,0,0,0
3480,"Santa Ana Pueblo, NM",ACOMA . .,441,NM,2000,9962,3.998346537,9.206533134,0,0,3,3,3,1,19982,3.85,6.228510857,38.7943475,3.142450094,1388.19378,-1.226108193,1,5.567227193,Southwest,10.46896172,66.66667175,0,0,0,0,63,0,2,5,8,0,0.031746034,0.079365082,0.126984134
3495,"Santa Clara Pueblo, NM",TEWA. . .,435,NM,2000,9544,3.979730431,9.163667964,0,0,9,7,2,1,22919.25,3.3,7.180069923,51.5534041,3.700261116,5014.88659,-0.195815802,0,5.296795824,Southwest,10.71754742,72.0487442,0,0,0,0,192,3,1,19,19,0.015625,0.005208333,0.098958336,0.098958336
3520,"Santa Rosa Rancheria, CA",YOKUTS. .,174,CA,2000,14130,4.150142162,9.556055476,0,0,0,2,3,2,15671.5,6.8,6.12249279,37.48491796,2.03518486,108.4388393,-5.473470211,1,0.482729354,Pacific,12.92744446,56.79824448,0,0,503387.375,0,17,0,0,0,2,0,0,0,0.117647059
3550,"Santa Ysabel Reservation, CA",DIEGUENO.,339,CA,2000,14704,4.167435494,9.595874845,0,0,0,2,3,1,22926,3.6,5.420535088,29.38220064,3.610327005,4076.871334,-0.050404232,0,4.105993608,Pacific,13.79304981,72.12389374,0,0,150192.2031,23443.02344,3,0,0,0,1,0,0,0,0.333333343
3565,"Santee Reservation, NE",SANTEE. .,627,NE,2000,7488,3.874365836,8.921057018,1,0,1,2,2,1,15151.2,1.6,6.255750179,39.1344103,3.662395716,4596.166106,-1.791242719,1,6.169354812,Great Plains,12.98193169,58.15739059,0,0,0,0,23,1,0,1,3,0.043478262,0,0.043478262,0.130434781
3585,"Santo Domingo Pueblo, NM",ACOMA . .,442,NM,2000,5620,3.749736316,8.634086943,0,0,8,7,3,1,21384,3.5,8.041090965,64.65914391,3.736040592,5445.535482,-1.491816759,0,5.620725449,Southwest,10.71497917,65.42176819,0,0,0,0,78,0,0,4,11,0,0,0.051282052,0.141025648
3635,"Sault Ste. Marie Reservation and Off-Reservation Trust Land, MI",CHIPPEWA.,499,MI,2000,7229,3.859078225,8.885855993,1,0,2,2,3,1,17967.22222,5.566666667,6.914731026,47.81350516,3.050410271,1123.078907,-2.416467428,1,1.477621553,Midwest,13.24794388,53.82323837,0,0.007717871,0,0,0,0,0,0,0,0,0,0,0
3795,"Siletz Reservation and Off-Reservation Trust Land, OR",TILLAMOOK,482,OR,2000,9804,3.991403303,9.190545745,1,0,0,7,3,4,19947.33333,4,5.056245804,25.56562163,3.731961727,5394.630794,-0.842768908,1,2.712838298,Northwest,11.00482941,61.78343964,3.169421673,0,0,0,5,0,0,1,0,0,0,0.200000003,0
3825,"Skokomish Reservation, WA",TWANA . .,71,WA,2000,8500,3.929418926,9.047821442,1,0,0,3,3,2,18056,4.5,6.249975204,39.06219005,3.646141052,4427.321417,1.064001203,0,3.08304731,Northwest,10.08470058,65.83011627,0,0,0,0,18,1,0,0,0,0.055555556,0,0,0
3870,"Soboba Reservation, CA",LUISENO .,548,CA,2000,20337,4.308286889,9.920197166,0,0,0,2,2,1,18689,4.4,6.082219124,36.99338947,1.914107203,82.05540691,-0.66302973,1,3.159768006,Pacific,10.89772415,61.1872139,0,0,435937.25,27217.62305,5,1,0,1,1,0.200000003,0,0.200000003,0.200000003
3885,"Sokaogon Chippewa Community and Off-Reservation Trust Land, WI",CHIPPEWA.,499,WI,2000,7170,3.855519156,8.877660934,0,0,2,2,3,1,17719,3.9,5.693732262,32.41858707,4.168349743,14734.98652,-2.60010767,1,2.143736633,Midwest,12.416605,60.2693634,0,0.007717871,0,0,54,3,3,6,4,0.055555556,0.055555556,0.111111112,0.074074075
3925,"Southern Ute Reservation, CO",S.UTE . .,74,CO,2000,13043,4.115377494,9.47600687,1,0,0,2,2,1,18341.2,3.9,7.247792721,52.53049933,3.32906723,2133.375141,-0.746299803,1,7.920856662,Southwest,11.80750561,65.33808136,0.817697644,11.04982567,0,250466.0156,34,0,0,9,1,0,0,0.264705896,0.029411765
3930,"South Fork Reservation and Off-Reservation Trust Land, NV",ELKOSHOSH,584,NV,2000,11062,4.043833654,9.311271091,0,0,0,2,2,1,18395.5,3.9,4.787491798,22.92007772,3.529748201,3386.477554,-1.387364388,0,4.231069545,Western,11.29779243,78.33333588,4.357643127,2.859819174,136348.25,96313.95313,2,0,0,2,0,0,0,,0
3935,"Spirit Lake Reservation, ND",SANTEE. .,627,ND,2000,6259,3.796504952,8.741775707,1,0,1,2,2,1,16260.14286,3.385714286,8.094988823,65.52884404,4.736027241,54453.68074,-2.942913055,1,7.307950749,Great Plains,12.78865814,56.04026794,0,0,0,0,8,0,0,0,0,0,0,0,0
3940,"Spokane Reservation, WA",SANPOIL .,176,WA,2000,9724,3.98784495,9.182352335,0,0,0,2,2,1,17008.75,6.275,7.336285591,53.82108627,4.011884212,10277.42255,-0.661223412,1,6.47119842,Northwest,11.05504417,61.17264175,0,0,0,0,35,1,5,0,3,0.028571429,0.142857149,0,0.085714288
3955,"Squaxin Island Reservation and Off-Reservation Trust Land, WA",SQUAMISH.,475,WA,2000,8698,3.939419403,9.070848393,1,0,0,3,3,2,19554.5,4.325,5.783825397,33.45263622,2.831614017,678.6002534,-0.681524336,1,1.948982081,Northwest,11.46388626,59.69230652,0,0,0,0,1,0,0,0,0,0,0,0,0
3970,"Standing Rock Reservation, SD--ND",SANTEE. .,627,SD--ND,2000,6322,3.800854492,8.751790893,1,0,1,2,2,1,14245.9,3.4,8.657476425,74.95189805,4.715941429,51992.58723,-2.194977999,1,9.157592587,Great Plains,12.3843708,60.14253616,2.428142548,0.053000659,0,0,167,4,2,7,14,0.023952097,0.011976048,0.041916169,0.083832338
3980,"Stewart Community, NV",WASHO . .,340,NV,2000,12335,4.091139154,9.420196029,1,0,0,2,2,1,24080.875,3.6875,5.288267136,27.9657693,2.419931173,262.9851182,-0.329668403,0,2.520437802,Western,10.72221565,65.65657043,0,1.503729463,429216.2813,13267.2793,44,3,1,3,3,0.06818182,0.022727273,0.06818182,0.06818182
4015,"Stockbridge-Munsee Community, WI",DELAWARE.,279,WI,2000,14817,4.170760281,9.603530449,0,0,4,3,3,1,16060,4.45,6.598508835,43.54031885,3.990832329,9791.118996,-2.824710846,1,5.207812874,Midwest,14.04003048,70.0272522,0,0,0,0,4,0,0,0,0,0,0,0,0
4060,"Susanville Rancheria, CA",WASHO . .,340,CA,2000,6789,3.831805809,8.823058934,1,0,0,2,2,1,17070,4.6,5.579730034,31.13338725,1.040779948,10.98449128,-0.277541816,1,-0.135200557,Pacific,15.0914259,63.01887131,4.456166744,11.96627331,0,0,3,0,0,0,0,0,0,0,0
4075,"Swinomish Reservation, WA",SQUAMISH.,475,WA,2000,8712,3.940117867,9.072456665,1,0,0,3,3,2,21542.5,3.925,6.41509676,41.15346644,2.632166624,428.7129715,1.081293583,1,3.964396336,Northwest,11.41416454,67.92144012,0,0,0,0,11,1,0,2,1,0.090909094,0,0.181818187,0.090909094
4140,"Taos Pueblo and Off-Reservation Trust Land, NM",ISLETA. .,434,NM,2000,9512,3.978271842,9.160309438,0,0,8,7,2,1,14781,5.175,7.201916218,51.86759721,4.54921484,35417.25024,-0.128123775,1,6.003132192,Southwest,10.3399334,75.85693359,0,0,0,0,349,3,2,21,40,0.008595988,0.005730659,0.060171921,0.114613183
4170,"Tesuque Pueblo and Off-Reservation Trust Land, NM",TEWA. . .,435,NM,2000,12195,4.086181805,9.408781311,0,0,9,7,2,1,19622.2,4.12,6.040254593,36.48467555,2.591906071,390.7563738,-0.981164515,1,4.24726226,Southwest,10.51376057,71.66666412,0,0,0,12977.11426,58,1,3,4,7,0.017241379,0.05172414,0.068965517,0.120689653
4200,"Tohono O'odham Reservation and Off-Reservation Trust Land, AZ",PAPAGO. .,184,AZ,2000,6520,3.814247596,8.782629655,1,0,5,3,3,1,19138,3.45,9.188401222,84.42671702,4.401675701,25215.97128,-1.405953526,1,9.353152665,Western,11.30434227,65.79781342,0,0,12933.59473,87083.47656,39,0,1,4,3,0,0.025641026,0.102564104,0.07692308
4225,"Tonawanda Reservation, NY",IROQUOIS.,663,NY,2000,10689,4.028937077,9.276970454,0,1,4,7,3,1,18355.8,3.78,5.676753998,32.22553595,3.104406834,1271.764897,-2.965297699,0,3.407391158,Eastern,12.39920807,71.57534027,0,0,0,0,7,0,0,1,2,0,0,0.142857149,0.285714298
4235,"Tonto Apache Reservation, AZ",W.APACHE.,441,AZ,2000,8879,3.948364056,9.091444217,1,0,3,3,3,1,17727,4.1,4.927253723,24.27782925,0.121583931,1.323073379,-2.542276621,1,-1.065091156,Western,11.77614689,50.72463608,0.311332375,0.488533348,8747.219727,78528.13281,2,0,0,0,0,0,0,0,0
4255,"Torres-Martinez Reservation, CA",CAHUILLA.,546,CA,2000,13618,4.13411333,9.519147726,0,0,0,2,3,1,18284.66667,4.733333333,5.247024059,27.53126148,3.223526478,1673.117639,-1.158926129,0,4.849464512,Pacific,10.83090115,78.42105103,4.143348217,0,517612.4688,18644.41992,105,0,0,7,15,0,0,0.06666667,0.142857149
4290,"Tulalip Reservation, WA",SQUAMISH.,475,WA,2000,10623,4.026247181,9.270776741,1,0,0,3,3,2,22048.33333,3.6,7.536364079,56.79678353,2.027643681,106.5721385,0.234177902,1,4.903741055,Northwest,10.92650509,60.95999908,0,0,0,0,17,0,0,3,1,0,0,0.176470593,0.05882353
4300,"Tule River Reservation, CA",YOKUTS. .,174,CA,2000,9156,3.961705784,9.122164681,1,0,0,2,3,2,14883,7.15,6.234410763,38.86787756,3.304255247,2014.90812,0.442245662,1,5.388046357,Pacific,11.87591934,58.0392189,10.24210453,0,432219.9063,0,15,0,0,3,1,0,0,0.200000003,0.06666667
4330,"Tuolumne Rancheria and Off-Reservation Trust Land, CA",MIWOK . .,273,CA,2000,9219,3.964683815,9.129021851,1,0,0,3,2,1,21015,3.8,4.85981226,23.6177752,4.065610409,11630.82199,-0.757014453,0,0.341092078,Pacific,11.05933666,78.29457855,20.35635948,0,2118988.75,0,4,0,0,0,2,0,0,0,0.5
4345,"Turtle Mountain Reservation and Off-Reservation Trust Land, MT--ND--SD",CHIPPEWA.,499,MT--ND--SD,2000,8330,3.920645001,9.027618735,0,0,2,2,3,1,14770.31429,3.502857143,8.945723534,80.02596955,4.426150322,26677.81902,-2.179504395,1,6.445252089,N/A,13.63967323,62.31921768,0,0.007717871,124921.0938,16677.98438,61,3,0,6,2,0.049180329,0,0.098360658,0.032786883
4360,"Tuscarora Reservation, NY",IROQUOIS.,663,NY,2000,11408,4.057209513,9.342070143,1,1,4,7,3,1,19788,4.15,6.025866032,36.31106144,2.443368196,277.5672333,-1.823966146,1,3.178435068,Eastern,12.53880692,61.59420013,0,0,0,0,22,0,0,2,3,0,0,0.090909094,0.13636364
4390,"Uintah and Ouray Reservation and Off-Reservation Trust Land, UT",UINTAH. .,600,UT,2000,6934,3.840983837,8.844192126,1,0,0,2,2,1,18208.46154,3.930769231,7.9459095,63.13747778,4.857057571,71954.43567,-0.42891407,0,9.780036572,Western,12.42744827,64.48300171,2.444229364,15.11442089,25542.79102,122806.2891,31,0,0,1,4,0,0,0.032258064,0.129032254
4455,"Upper Skagit Reservation, WA",SQUAMISH.,475,WA,2000,5523,3.742175043,8.61667647,1,0,0,3,3,2,20640.5,4.6,4.934473991,24.34903357,2.749875307,562.1798911,-0.946416259,1,-0.805306839,Northwest,10.56304169,58.99280167,0,0,0,0,57,1,0,5,16,0.01754386,0,0.087719299,0.280701756
4470,"Ute Mountain Reservation and Off-Reservation Trust Land, CO--NM--UT",MOANUNTS.,601,CO--NM--UT,2000,8159,3.911636933,9.006876891,0,0,0,2,2,1,14427.4,6.22,7.419380665,55.04720945,4.052089214,11274.29033,-0.760603011,1,7.755062527,Southwest,11.85525131,64.14868164,0,0,0,0,153,2,1,7,8,0.013071896,0.006535948,0.045751635,0.052287582
4500,"Viejas Reservation, CA",DIEGUENO.,339,CA,2000,28128,4.449138853,10.2445208,0,0,0,2,3,1,22926,3.6,5.446737289,29.6669471,3.25374198,1793.667667,-0.098658986,1,1.875332237,Pacific,13.78474998,52.15517426,0,0,150192.2031,23443.02344,13,0,0,2,2,0,0,0.15384616,0.15384616
4515,"Walker River Reservation, NV",KUYUIDOKA,569,NV,2000,10167,4.007192824,9.22690246,0,0,0,2,2,1,18253,5.166666667,6.440946579,41.48579283,4.526586056,33619.09789,-0.595160902,0,7.227540421,Western,10.89812565,64.11483002,0,8.148838043,332771,1175317.25,5,0,0,0,0,0,0,0,0
4595,"White Earth Reservation and Off-Reservation Trust Land, MN",CHIPPEWA.,499,MN,2000,9127,3.960328051,9.118992333,1,0,2,2,3,1,16908,4.26,8.053251266,64.85485595,4.239839554,17371.58933,-2.716088295,1,8.013760209,Midwest,11.95104885,65.04452515,0,0,0,0,352,57,15,27,28,0.161931813,0.042613637,0.076704547,0.079545453
4625,"Winnebago Reservation and Off-Reservation Trust Land, NE--IA",WINNEBAGO,78,NE--IA,2000,7662,3.884342148,8.944028325,1,1,3,3,3,1,17141.77778,2.177777778,7.258412361,52.68455,3.455421448,2853.786294,-2.25010252,1,6.13397461,Great Plains,13.47469234,59.22534943,0,0,0,0,32,0,0,1,1,0,0,0.03125,0.03125
4665,"Woodfords Community, CA",WASHO . .,340,CA,2000,6741,3.828724327,8.815963561,1,0,0,2,2,1,25759.66667,4.3,5.204006672,27.08168544,3.095866203,1246.999282,0.282121062,0,0.455321487,Western,10.90129471,68.68132019,0,1.503729463,548184.625,57042.92969,44,3,1,3,3,0.06818182,0.022727273,0.06818182,0.06818182
4700,"Yankton Reservation, SD",SANTEE. .,627,SD,2000,6170,3.790285164,8.727454117,1,0,1,2,2,1,14347.22222,1.788888889,7.891704559,62.27900085,4.285598755,19301.84194,-2.180313826,1,7.48039574,Great Plains,12.10785198,58.24298859,0,0,0,0,683,8,8,21,43,0.011713031,0.011713031,0.030746706,0.06295754
4708,"Yavapai-Apache Nation Reservation, AZ",YAVAPAI .,608,AZ,2000,7005,3.84540814,8.854379459,1,0,0,2,2,1,18433,3.75,6.510258198,42.3834618,3.398312569,2502.145548,-1.571930766,1,0.954646308,Western,11.63044167,53.125,1.554716229,2.439614058,10291.99707,76996.96875,0,0,0,0,0,0,0,0,0
4710,"Yavapai-Prescott Reservation, AZ",YAVAPAI .,608,AZ,2000,13697,4.136625456,9.52493211,1,0,0,2,2,1,19727,2.7,4.804020882,23.07861663,0.958224297,9.08289506,-0.896447778,1,1.743997028,Western,11.52111912,59.8360672,2.012966633,3.158686638,34294.96875,256569.1406,0,0,0,0,0,0,0,0,0
4760,"Yurok Reservation, CA",YUROK . .,172,CA,2000,6839,3.834992604,8.830396801,1,0,0,7,3,2,16448.66667,5.1,6.366470337,40.53194455,4.074754715,11878.31163,0.363666564,0,5.429911249,Pacific,10.13157082,64.08934784,30.36634445,0,683152.625,8202.393555,7,0,0,0,3,0,0,0,0.428571433
4770,"Zia Pueblo and Off-Reservation Trust Land, NM",ACOMA . .,443,NM,2000,8689,3.938969797,9.069813137,0,0,4,5,3,1,19982,3.85,6.359573841,40.44417944,3.594171524,3928.000406,-1.041032672,0,6.204329496,Southwest,10.70746899,68.51211548,0,0,0,0,37,0,0,3,9,0,0,0.081081077,0.243243247
4785,"Zuni Reservation and Off-Reservation Trust Land, NM--AZ",ZUNI. . .,183,NM--AZ,2000,6029,3.780245284,8.704336438,0,0,8,7,3,1,11135,7.4,8.906122208,79.31901278,4.050359726,11229.48207,-1.442974687,0,7.538221026,Southwest,10.56666374,67.37155914,0,0,0,0,227,1,1,9,21,0.004405286,0.004405286,0.039647575,0.092511013
46101,"Wind River Reservation and Off-Reservation Trust Land, WY",ARAPAHO .,616,WY,2000,6285,3.798305282,8.745921121,1,1,0,2,3,1,18178.5,3.275,8.138272285,66.23147578,5.257340431,180859.1274,-0.383622944,1,9.121274179,Rocky Mountain,13.34754086,58.80806351,0,0,0,0,4163,7,34,55,110,0.00168148,0.008167187,0.013211627,0.026423253
46102,"Wind River Reservation and Off-Reservation Trust Land, WY",WINDRIVER,606,WY,2000,8207,3.914184433,9.012742728,1,1,0,2,2,1,18178.5,3.275,7.536364079,56.79678353,5.257340431,180859.1274,-0.383622944,1,9.121274179,Rocky Mountain,11.99399471,65.49333191,0.034188267,0,0,0,4163,7,34,55,110,0.00168148,0.008167187,0.013211627,0.026423253
