geo_id2,geo_name,eatribe,eaid,state,year,pcinc,FC,HC,ea_v5,ea_v30,ea_v32,ea_v66,pcinc_co,unempl_co,logpop,logdist,dist,logruggedness,casino,logresarea_sqkm,BIA_reg,removal,popadultshare,instrument_gold,intrument_silver,wgold_enviro,wsilver_enviro,count_1_all,count_5_governance,count_5_notgovernance,count_7_governance,count_7_notgovernance,share_5_governance,share_5_notgovernance,share_7_governance,share_7_notgovernance
10,"Acoma Pueblo and Off-Reservation Trust Land, NM",ACOMA . .,437,NM,2000,8680,0,0,8,7,3,1,12625.4,5.7,7.9157133102,4.4408512115,84.8471338042,-0.906329453,1,7.3405070305,Southwest,10.7066926956,68.540145874,0,0,0,0,209,0,1,6,24,0,0.0047846888,0.0287081338,0.1148325354
20,"Agua Caliente Reservation, CA",CAHUILLA.,546,CA,2000,24249,0,0,0,2,3,1,17772.5,4.65,5.1474943161,1.5961407423,4.9339542334,0.3149489462,1,4.8487911737,Pacific,11.1200857162,78.4883728027,4.143348217,0,665358.8125,60879.77734375,3,0,0,0,0,0,0,0,0
80,"Allegany Reservation, NY",IROQUOIS.,663,NY,2000,12298,1,1,4,7,3,1,16859.5,3.8,7.0925736427,3.3649864197,28.9331043755,-0.5078784823,1,4.8314339863,Eastern,12.6038475037,69.0773086548,0,0,0,0,37,0,0,8,11,0,0,0.2162162215,0.2972972989
140,"Bad River Reservation, WI",CHIPPEWA.,499,WI,2000,10584,0,0,2,2,3,1,16504,5.075,6.9744787216,4.71646595,111.7725440946,-2.4142653942,1,6.2319336421,Midwest,11.9581804276,64.5463027954,0,0.0077178711,0,0,28,0,0,3,2,0,0,0.1071428582,0.0714285746
155,"Barona Reservation, CA",DIEGUENO.,339,CA,2000,38647,0,0,0,2,3,1,22926,3.6,5.8692970276,2.877071619,17.762182509,-0.5915013552,1,3.1838264958,Pacific,13.7911844254,60.1694946289,0,0,150192.203125,23443.0234375,16,0,0,5,2,0,0,0.3125,0.125
165,"Battle Mountain Reservation, NV",ELKOSHOSH,584,NV,2000,12017,0,0,0,2,2,1,18268.5,5.3,4.7004804611,4.6299452782,102.5084545066,-2.9291403294,0,0.9944585199,Western,11.6590890884,73.6363677979,4.3576431274,2.8598191738,463675.3125,327531.90625,769,0,2,2,35,0,0.0026007802,0.0026007802,0.0455136523
170,"Bay Mills Reservation and Off-Reservation Trust Land, MI",CHIPPEWA.,499,MI,2000,12394,0,0,2,2,3,1,15858,5.3,6.5191473961,2.8927509785,18.042876957,-1.7641882896,1,2.5425072213,Midwest,13.2202577591,64.3067855835,0,0.0077178711,0,0,4,0,0,0,0,0,0,0,0
250,"Big Pine Reservation, CA",E.MONO. .,572,CA,2000,11613,1,0,0,2,3,1,17567,5.35,5.5721540451,4.7817077637,119.3079259072,-1.3631821871,0,0.1142190632,Pacific,10.9465751648,81.3688201904,4.5358777046,8.542140007,804085.125,101600.9765625,2,0,0,0,1,0,0,0,0.5
275,"Big Valley Rancheria, CA",S.POMO. .,533,CA,2000,4029,1,0,0,3,3,2,20664,4.2666666667,5.2149357796,3.1542668343,23.43584843,-4.6051702499,1,-0.7284623281,Pacific,11.5160655975,46.7391319275,0,0,0,0,0,0,0,0,0,0,0,0,0
305,"Blackfeet Reservation and Off-Reservation Trust Land, MT",BLACKFOOT,619,MT,2000,8383,1,0,0,1,3,2,15438.5,3.225,9.0190591812,4.7804527283,119.1582841592,-1.3260364532,1,8.7351261984,Rocky Mountain,12.1549882889,64.7172775269,3.0946640968,6.7740693092,0,0,169,2,1,12,13,0.0118343197,0.0059171598,0.0710059181,0.0769230798
335,"Bois Forte Reservation, MN",CHIPPEWA.,499,MN,2000,10995,0,0,2,2,3,1,18622,3.9,6.1675167084,4.2819209099,72.3793407476,-2.8047332764,1,6.3077064723,Midwest,12.4184446335,66.2473831177,0,0.0077178711,0,0,71,12,2,3,4,0.1690140814,0.0281690136,0.0422535203,0.0563380271
360,"Brighton Reservation, FL",CREEK . .,180,FL,2000,15709,1,1,4,7,3,1,19860.1666666667,3.0166666667,5.9427995682,4.0811343193,59.2125977632,-5.3801193237,0,4.9967507951,Eastern,13.6439847946,58.2677192688,0.0590271056,0.0007681758,0,0,84,,,,,,,,
400,"Burns Paiute Colony and Off-Reservation Trust Land, OR",WADATKUHT,568,OR,2000,7189,1,0,0,2,2,1,16159,6,4.9487600327,5.0545930862,156.7407374036,-2.4660966396,1,3.8918549509,Northwest,11.8117074966,58.8652496338,0.8476570249,0.3113170266,0,0,14,0,0,0,0,0,0,0,0
440,"Yerington Colony, NV",KUYUIDOKA,569,NV,2000,8376.4625,1,0,0,2,2,1,22915.5,4.05,5.7868971825,3.8886890411,48.8468083747,-2.068707943,0,1.8985863756,Western,11.9075632095,61.6564407349,4.6445131302,10.206902504,1298919.125,0,6,0,0,0,0,0,0,0,0
450,"Campo Reservation, CA",DIEGUENO.,339,CA,2000,5719,0,0,0,2,3,1,22926,3.6,5.5529594421,4.0512161255,57.4673020174,-0.8415192366,0,4.2084977904,Pacific,13.7869672775,54.6511650085,0,0,150192.203125,23443.0234375,7,0,0,1,1,0,0,0.1428571492,0.1428571492
510,"Carson Colony, NV",WASHO . .,340,NV,2000,9230,1,0,0,2,2,1,22938.6,3.56,5.556828022,1.0410194397,2.8321027011,0.1855138987,0,-0.3135416816,Western,10.7174282074,64.8648605347,0,1.5037294626,363154.25,0,44,3,1,3,3,0.0681818202,0.0227272734,0.0681818202,0.0681818202
525,"Catawba Reservation, SC",CATAWBA .,662,SC,2000,10525,1,1,8,5,3,1,20170.2,3.82,5.8805332184,2.5636813641,12.9835265321,-1.9933298826,0,1.0848811422,Eastern,11.7196340561,63.9664840698,0.5580903292,0.0070358389,38147.94140625,0,1223,,,,,,,,
540,"Cattaraugus Reservation, NY",IROQUOIS.,663,NY,2000,12318,1,1,4,7,3,1,17718.6666666667,4.3333333333,7.5683794022,3.2265770435,25.193273733,-1.8961651325,1,4.490087473,Eastern,12.6056118011,66.735534668,0,0,0,0,341,3,4,14,37,0.008797654,0.0117302053,0.0410557203,0.1085043997
575,"Chehalis Reservation, WA",TWANA . .,71,WA,2000,8039,1,0,0,3,3,2,18404.5,4.425,5.9215784073,3.0823614597,21.8098447029,-2.0134651661,1,2.9011244856,Northwest,10.6413660049,58.7131385803,0,0,10525.01171875,0,209,0,2,5,3,0,0.0095693776,0.0239234455,0.0143540669
585,"Chemehuevi Reservation, CA",CHEMEHUEV,596,CA,2000,12622,0,0,1,2,2,1,16186.6666666667,4.0333333333,5.0562458038,1.8536105156,6.3828232528,-1.2395067215,1,4.8255712717,Western,11.9547586441,66.8789825439,6.5308251381,2.0447282791,397186.3125,92755.4296875,126,1,2,12,9,0.0079365084,0.0158730168,0.095238097,0.0714285746
605,"Cheyenne River Reservation and Off-Reservation Trust Land, SD",SANTEE. .,627,SD,2000,6609,1,0,1,2,2,1,16379,2.7384615385,8.7152242661,4.6525087357,104.8476910511,-2.0886852741,1,9.3452630886,Great Plains,12.0495634079,59.6226387024,3.8525002003,0.084091045,510639.90625,10938.037109375,878,14,9,54,61,0.0159453303,0.0102505693,0.0615034178,0.0694760829
635,"Chitimacha Reservation, LA",CHITIMACH,1224,LA,2000,21675,1,1,4,0,3,0,13721,5,5.5797300339,3.4242162704,30.6985760397,-5.0478024483,1,0.0376993721,Eastern,11.504240036,68.3018875122,0,0,0,0,1,0,0,0,0,0,0,0,0
680,"Cochiti Pueblo, NM",ACOMA . .,438,NM,2000,9671,0,0,8,8,3,1,25804.6666666667,2.8,6.6093492508,3.5627746582,35.2608984797,-1.0178304911,0,5.3594437151,Southwest,10.873793602,69.1374664307,0,0,0,0,103,1,0,6,7,0.009708738,0,0.0582524277,0.0679611638
695,"Cocopah Reservation, AZ",COCOPA. .,443,AZ,2000,5479,1,0,4,5,3,1,14020.5,5.95,6.2822666168,2.6586742401,14.2773482104,-3.4368991852,1,3.2607372204,Western,10.8610105515,71.5887832642,2.8094270229,1.9329437017,454230.53125,83837.0234375,3,1,0,0,0,0.3333333433,0,0,0
705,"Coeur d'Alene Reservation, ID",COEURD'AL,556,ID,2000,10023,1,1,0,2,3,2,17117,5.5,7.1016759872,3.7238955498,41.4254551167,-0.6416084766,1,7.2379300004,Northwest,11.1493330002,65.0741348267,0,0,0,0,38,0,1,0,3,0,0.0263157897,0,0.0789473653
720,"Cold Springs Rancheria, CA",MOACHE. .,602,CA,2000,6107,1,0,0,2,2,1,15088.5,7.1,5.2364420891,3.5816268921,35.9319507273,-0.568195641,0,-0.8838927344,Pacific,10.8806476593,50,7.3115625381,0,682853.875,0,369,,,,,,,,
735,"Colorado River Reservation, AZ--CA",MOHAVE. .,445,AZ--CA,2000,9459,1,1,4,5,3,1,16812.25,4.125,7.7424020767,3.7465252876,42.3735898651,-1.729829669,1,7.0352545224,Western,11.6492395401,68.055557251,0,0,403336.71875,82353.5234375,7,0,0,2,2,0,0,0.2857142985,0.2857142985
815,Cow Creek,TOLOWA. .,271,OR,2000,9913,0,0,0,3,2,2,16581,4.3,6.4167323112,3.1380107403,23.0579529495,-1.1931877136,1,0.9373827741,Northwest,10.4004087448,64,4.2173657417,0,94186.84375,0,0,0,0,0,0,0,0,0,0
845,"Crow Reservation and Off-Reservation Trust Land, MT",CROW. . .,178,MT,2000,7942,1,1,0,2,2,1,16737.3333333333,3.5333333333,8.5550670624,4.2987442017,73.6072997101,-0.9956864715,1,9.142150471,Rocky Mountain,12.0617227554,63.2582321167,0.2526194155,2.7648580074,14739.765625,49401.5078125,150,4,1,10,7,0.0266666673,0.0066666668,0.0666666701,0.0466666669
855,"Crow Creek Reservation, SD",SANTEE. .,627,SD,2000,4043,1,0,1,2,2,1,17381.7142857143,2.4857142857,7.5261788368,4.3138346672,74.7264914538,-1.9112128019,1,7.0858374137,Great Plains,12.8040618896,60.8836250305,0,0,0,0,42,1,0,0,8,0.0238095243,0,0,0.190476194
940,"Dresslerville Colony, NV",WASHO . .,340,NV,2000,8232,1,0,0,2,2,1,24555.5,3.925,5.6629605293,3.1852631569,24.1736490312,-1.5951519012,0,1.1318572028,Western,10.8339185715,63.194442749,0,1.5037294626,522177.09375,54336.640625,44,3,1,3,3,0.0681818202,0.0227272734,0.0681818202,0.0681818202
965,"Duck Valley Reservation, NV--ID",ELKOSHOSH,584,NV--ID,2000,10122,1,0,0,2,2,1,15943.5,4.1,6.8522424698,4.8912978172,133.1262355078,-0.9004473686,0,7.0674375412,Western,12.4499139786,71.2473602295,2.9064264297,3.7567443848,167698.140625,11506.2373046875,23,1,0,2,1,0.0434782617,0,0.0869565234,0.0434782617
990,"Eastern Cherokee Reservation, NC",CHEROKEE.,278,NC,2000,12008,1,1,5,7,3,1,16953.1428571429,3.4357142857,8.6711149216,3.9070067406,49.7498147794,-0.1378873885,1,5.3657981701,Eastern,11.8624744415,71.296295166,0.1934957802,0.0020962241,1236.9006347656,0,112,3,5,4,6,0.0267857146,0.0446428582,0.0357142873,0.0535714291
1005,"Elko Colony, NV",ELKOSHOSH,584,NV,2000,11435,0,0,0,2,2,1,18482,4,6.4583382607,0.7210898995,2.0566735571,-1.4687380791,0,-0.247166445,Western,11.2872781754,67.5548629761,4.3576431274,2.8598191738,205017.109375,0,0,0,0,0,0,0,0,0,0
1070,"Fallon Paiute-Shoshone Reservation and Off-Reservation Trust Land, NV",TOEDOKADO,570,NV,2000,10704.14286,0,0,0,2,2,1,19264,3.6,6.4614682198,4.4356045723,84.4031372649,-2.6318888664,0,-0.8419596568,Western,10.8212327957,66.25,0,0,0,1018704.625,0,0,0,0,0,0,0,0,0
1100,"Flandreau Reservation, SD",SANTEE. .,627,SD,2000,12032,1,0,1,2,2,1,17459.8,2.36,5.7589015961,3.4787921906,32.4205405835,-2.4641406536,1,2.3432140147,Great Plains,12.4136857986,67.1924285889,0,0,0,0,1,0,0,1,0,0,0,,0
1125,"Fond du Lac Reservation and Off-Reservation Trust Land, MN--WI",CHIPPEWA.,499,MN--WI,2000,12649,0,0,2,2,3,1,17654,4.1125,7.1404528618,2.5319116116,12.5775265156,-2.7981767654,1,6.020617773,Midwest,12.0297679901,64.1838378906,0,0.0077178711,0,0,104,3,1,8,7,0.028846154,0.009615385,0.0769230798,0.0673076957
1135,"Forest County Potawatomi Community and Off-Reservation Trust Land, WI",POTAWATOM,660,WI,2000,22315,0,1,3,3,3,1,20416.4,3.39,6.0776424408,4.4919519424,89.2955757019,-2.2146873474,1,3.926986805,Midwest,12.8948488235,58.486240387,0,0,0,0,44,0,0,2,0,0,0,0.0454545468,0
1140,"Fort Apache Reservation, AZ",W.APACHE.,441,AZ,2000,5724,1,0,3,3,3,1,13667,5.9,9.3585014343,4.7391476631,114.3367067445,-0.6474119425,1,8.8265524256,Western,11.263338089,60.2052268982,0,0,1809.7976074219,8123.7255859375,53,0,0,6,1,0,0,0.1132075489,0.0188679248
1170,"Fort Bidwell Reservation, CA",KIDUTOKAD,566,CA,2000,8066,1,0,0,2,2,1,19232.6666666667,5,4.7004804611,4.9214305878,137.1987477095,0.503257513,0,2.5757871717,Pacific,11.8548374176,70,3.7737584114,5.0884399414,0,0,8,0,0,0,2,0,0,0,0.25
1185,"Fort Hall Reservation and Off-Reservation Trust Land, ID",BANNOCK .,605,ID,2000,8978,1,1,0,2,2,1,15475.6666666667,3.4,8.1911859512,2.5077507496,12.2772842943,-0.8093124032,1,7.7035988608,Northwest,12.1468334198,64.6716537476,1.5829708576,2.816390276,0,0,339,1,0,16,4,0.0029498525,0,0.0471976399,0.01179941
1210,"Fort McDermitt Reservation, NV--OR",KIDUTOKAD,566,NV--OR,2000,6255,1,0,0,2,2,1,16717,5.65,5.7493929863,5.2890973091,198.1644633925,-0.9330285192,0,4.9507233153,Western,12.6578502655,68.4713363647,2.6489191055,3.9158966541,352596.1875,249067.609375,1,0,0,0,0,0,0,0,0
1220,"Fort McDowell Reservation, AZ",YAVAPAI .,608,AZ,2000,17635,1,0,0,2,2,1,19138,3.45,6.6174030304,1.7709946632,5.8766957885,-2.004242897,1,4.613638864,Western,11.7938556671,59.625667572,2.0129666328,3.1586866379,12933.5947265625,87083.4765625,16,0,0,2,3,0,0,0.125,0.1875
1235,"Fort Mojave Reservation and Off-Reservation Trust Land, AZ--CA--NV",MOHAVE. .,445,AZ--CA--NV,2000,9507,1,1,4,5,3,1,18476.3333333333,4.2666666667,6.26720047,3.1553874016,23.4621245952,-2.0234827995,1,4.9240893122,Western,10.6845550537,59.0132827759,0,0,361329.03125,84381.625,4,0,0,2,0,0,0,0.5,0
1250,"Fort Peck Reservation and Off-Reservation Trust Land, MT",SANTEE. .,627,MT,2000,6970,1,0,1,2,2,1,15572.8333333333,2.45,8.7436914444,4.9824810028,145.8357520981,-2.1228206158,1,9.0539691965,Rocky Mountain,13.4775257111,60.8515396118,1.3622708321,0.0297351778,0,10897.3564453125,102,0,0,5,8,0,0,0.0490196086,0.0784313753
1280,"Fort Yuma Reservation, CA--AZ",YUMA. . .,446,CA--AZ,2000,8858,1,0,5,7,2,1,14020.5,5.95,7.1731915474,1.9278258085,6.8745473991,-2.1095144749,1,5.2042575034,Western,10.7523679733,61.5030632019,2.8094270229,1.9329437017,454230.53125,83837.0234375,6,0,0,2,1,0,0,0.3333333433,0.1666666716
1310,"Gila River Reservation, AZ",PAPAGO. .,184,AZ,2000,5746,1,0,5,3,3,1,19138,3.45,9.2415485382,2.9298689365,18.7251761494,-1.2937198877,1,7.3228101628,Western,11.7139148712,61.0836486816,0,3.0247340202,12933.5947265625,87083.4765625,26,1,0,0,2,0.0384615399,0,0,0.0769230798
1355,"Grand Portage Reservation and Off-Reservation Trust Land, MN",CHIPPEWA.,499,MN,2000,14863,0,0,2,2,3,1,21775,4.1,5.7104268074,5.3972125053,220.7901063807,-1.0664969683,1,5.2774677544,Midwest,12.4197473526,72.1854324341,0,0.0077178711,0,0,10,1,0,1,1,0.1000000015,0,0.1000000015,0.1000000015
1395,"Grindstone Rancheria, CA",NOMLAKI .,72,CA,2000,5358,0,0,0,7,2,2,14931,5.4,5.0172796249,4.0633401871,58.1682798891,-1.3596735001,0,-1.1245885688,Pacific,11.3092222214,58.2781448364,0,0.325512439,0,0,0,0,0,0,0,0,0,0,0
1410,"Hannahville Community and Off-Reservation Trust Land, MI",POTAWATOM,660,MI,2000,9788,1,1,3,3,3,1,17788,3.9,5.7462034225,3.2418248653,25.5803598924,-2.8509290218,1,3.1005537822,Midwest,12.7726049423,62.6198043823,0,0,0,0,0,0,0,0,0,0,0,0,0
1440,"Havasupai Reservation, AZ",WALAPAI .,607,AZ,2000,7038,1,0,0,2,3,1,16963.5,4.25,6.0161571503,4.914308548,136.2250841196,-0.2086966634,0,6.5714432346,Western,11.217716217,57.8048782349,0,0,2848.5805664063,63932.8046875,9,0,0,2,2,0,0,0.2222222239,0.2222222239
1450,"Ho-Chunk Reservation and Off-Reservation Trust Land, WI--MN",WINNEBAGO,78,WI--MN,2000,9969,1,1,3,3,3,1,18445.2608695652,3.2086956522,6.5596151352,3.8857178688,48.7018914822,-2.5626835823,1,2.9246697043,Midwest,12.2021894455,60.9065170288,0,0,0,0,0,0,0,0,0,0,0,0,0
1475,"Hollywood Reservation, FL",CREEK . .,180,FL,2000,12737,1,1,4,7,3,1,20833.5,4.15,6.2422232628,1.1260342598,3.0834042414,-4.6051702499,0,0.743463489,Eastern,13.7648458481,59.3385238647,0.0590271056,0.0007681758,0,0,113,,,,,,,,
1490,"Hoopa Valley Reservation, CA",HUPA. . .,518,CA,2000,9757,0,0,0,7,3,2,16553.5,5.575,7.6870803833,3.7619626522,43.0328015747,0.3075795174,1,5.9052658004,Pacific,10.0209350586,62.9357833862,5.8536124229,0.4934193492,612215,19111.73828125,13,0,0,2,3,0,0,0.1538461596,0.2307692319
1505,"Hopi Reservation and Off-Reservation Trust Land, AZ",HOPI. . .,442,AZ,2000,7803,1,0,8,7,3,1,12578,7.0333333333,8.774930954,4.809431076,122.6618124194,-1.4802051783,0,8.7890580423,Western,10.862780571,65.8268890381,0,0,0,0,250,2,1,47,35,0.0080000004,0.0040000002,0.1879999936,0.1400000006
1545,"Hualapai Reservation and Off-Reservation Trust Land, AZ",WALAPAI .,607,AZ,2000,7793,1,0,0,2,3,1,18859.75,3.85,7.1236729622,4.5688114166,96.4294272175,-0.1969366372,0,8.3322516965,Western,11.3502368927,63.174861908,0,5.0882883072,7579.6225585938,85057.546875,16,1,0,3,0,0.0625,0,0.1875,0
1575,"Indian Township Reservation, ME",MICMAC. .,504,ME,2000,10690,1,1,0,2,2,1,14119,4.8,6.3153581619,4.6559858322,105.2128911468,-3.0803353786,0,4.7227390331,Eastern,11.2642850876,64.014465332,0,0.0520653203,0,4511.6606445313,5,0,0,2,1,0,0,0.400000006,0.200000003
1610,"Isabella Reservation and Off-Reservation Trust Land, MI",CHIPPEWA.,499,MI,2000,17436,0,0,2,2,3,1,17469.1111111111,4.2222222222,7.2232956886,2.1368362904,8.472590367,-3.2266206741,1,6.337262649,Midwest,13.3315858841,64.7702407837,0,0.0077178711,0,0,6,0,0,0,0,0,0,0,0
1625,"Isleta Pueblo, NM",ISLETA. .,434,NM,2000,11947,0,0,8,7,2,1,16999.2,4.06,7.8758792877,2.40604949,11.0900630869,-1.2162817717,1,6.7543560867,Southwest,10.5944757462,70.6798324585,0,0,0,0,144,0,1,9,21,0,0.0069444445,0.0625,0.1458333284
1655,Jamestown S'Klallam,KLALLAM .,478,WA,2000,28813,0,0,0,2,3,4,20864,3.75,5.908082962,3.5163984299,33.6629703267,3.0404200554,1,-1.5581113089,Northwest,10.8228654861,64,0,0,0,0,92,2,0,10,1,0.0217391308,0,0.1086956486,0.0108695654
1685,"Jemez Pueblo, NM",JEMEZ . .,387,NM,2000,7938,0,0,7,7,3,1,26910,2.65,7.5621614456,3.9392895699,51.3820849488,-0.4607416689,0,5.8912357661,Southwest,10.0050182343,68.6590423584,0,0,0,0,125,0,2,5,11,0,0.0160000008,0.0399999991,0.0879999995
1700,"Jicarilla Apache Reservation, NM",W.APACHE.,441,NM,2000,8791,1,0,3,3,3,1,15408.4,4.86,7.7960581779,4.6524553299,104.8420917298,-1.1273989677,0,8.1722889623,Southwest,12.5501880646,63.800907135,0,0,0,0,17,0,1,1,3,0,0.0588235296,0.0588235296,0.1764705926
1735,"Kalispel Reservation, WA",KALISPEL.,555,WA,2000,6822,1,0,0,2,3,1,16953,5.3,5.1532917023,4.3143491745,74.7649486711,-1.0311927795,0,2.9520522688,Northwest,11.1907444,57.2254371643,0,0,0,0,3,1,0,0,0,0.3333333433,0,0,0
1750,"Karuk Reservation and Off-Reservation Trust Land, CA",KAROK . .,517,CA,2000,4938,1,0,0,7,3,2,16553.5,5.575,5.1298985481,4.3688015938,78.9489620574,-0.3382913768,0,1.0663712707,Pacific,10.7777242661,59.7633132935,27.7314548492,0,612215,19111.73828125,0,0,0,0,0,0,0,0,0
1770,"Kickapoo (KS) Reservation, KS",FOX . . .,383,KS,2000,8433,1,1,4,2,3,1,16682.7142857143,3,6.586171627,3.7742798328,43.566122125,-2.4486062527,0,6.4202166779,Southern Plains,13.3857307434,58.3448295593,0,0,0,0,0,0,0,0,0,0,0,0,0
1815,"Lac Courte Oreilles Reservation and Off-Reservation Trust Land, WI",CHIPPEWA.,499,WI,2000,9119,0,0,2,2,3,1,17243.25,3.9,7.5801892281,4.6570572853,105.325682239,-2.2007126808,1,5.7741305593,Midwest,11.9326686859,62.7871322632,0,0.0077178711,0,0,2916,37,34,74,187,0.0126886144,0.0116598075,0.0253772289,0.0641289428
1825,"Lac du Flambeau Reservation, WI",CHIPPEWA.,499,WI,2000,10741,0,0,2,2,3,1,18328.75,3.95,7.3517999649,4.5069308281,90.6431916152,-3.6064801216,1,5.8585576978,Midwest,12.1299381256,62.924949646,0,0.0077178711,0,0,21,0,0,3,0,0,0,0.1428571492,0
1830,"Lac Vieux Desert Reservation, MI",CHIPPEWA.,499,MI,2000,7843,0,0,2,2,3,1,16836.4,4.52,4.905274868,4.832118988,125.4765624867,-3.5045044422,1,0.283323505,Midwest,12.2763547897,65.9259262085,0,0.0077178711,0,4956.9921875,0,0,0,0,0,0,0,0,0
1840,"Laguna Pueblo and Off-Reservation Trust Land, NM",ACOMA . .,439,NM,2000,8615,0,0,1,2,3,1,14727.2857142857,5.1714285714,8.2074022293,4.10806036,60.8286174485,-1.2000654936,0,7.6081553429,Southwest,10.9807214737,70.4471130371,0,0,0,0,253,,,,,,,,
1850,"La Jolla Reservation, CA",LUISENO .,548,CA,2000,13156,0,0,0,2,2,1,20807.5,4,5.6767539978,3.2632734776,26.134949439,0.4318188429,0,3.5566819885,Pacific,10.973944664,72.9452056885,0,0,330985.625,25831.24609375,19,0,0,1,2,0,0,0.0526315793,0.1052631587
1860,"Lake Traverse Reservation, SD--ND",SANTEE. .,627,SD--ND,2000,7786,1,0,1,2,2,1,16759.1,2.54,8.1400241852,4.4184508324,82.9676549434,-2.4356477261,1,8.2706132617,Great Plains,12.5942802429,60.4841041565,0,0,0,0,22,1,0,5,0,0.0454545468,0,0.227272734,0
1880,"L'Anse Reservation and Off-Reservation Trust Land, MI",CHIPPEWA.,499,MI,2000,12048,0,0,2,2,3,1,16804.5,4.25,6.7487597466,4.4028320313,81.6818670132,-1.4061877728,1,5.6526891247,Midwest,12.483382225,68.4642410278,0,0.0077178711,0,0,2,0,0,0,0,0,0,0,0
1925,"Laytonville Rancheria, CA",HUPA. . .,518,CA,2000,8048,1,0,0,7,3,2,19443,4.5,5.2729997635,4.1481704712,63.3180520648,-1.5249778032,1,-0.2378285669,Pacific,9.9335365295,65.1282043457,5.8536124229,0.4934193492,0,0,5,1,0,0,1,0.200000003,0,0,0.200000003
1940,"Leech Lake Reservation and Off-Reservation Trust Land, MN",CHIPPEWA.,499,MN,2000,8180,1,0,2,2,3,1,17809.8333333333,3.95,8.402007103,3.8942430019,49.1188564063,-3.20058465,1,8.1293408114,Midwest,12.0345335007,61.2208251953,0,0,0,0,223,37,17,13,18,0.165919289,0.0762331858,0.0582959652,0.0807174891
1960,Little River,OTTAWA. .,503,GA,2000,17467,1,1,3,3,3,1,17458.5,4.1,6.7393364906,4.2879166603,72.8146127981,-2.2432308197,1,-0.3429535158,Midwest,11.6586809158,64,0,0,0,0,0,0,0,0,0,0,0,0,0
1963,Little Traverse Bay,OTTAWA. .,503,MI,2000,19062,1,1,3,3,3,1,20600,4.35,7.2384967804,4.4198389053,83.0829000682,-1.5249778032,1,-4.4854315909,Midwest,11.2402362823,64,0,0,0,0,34,0,0,0,3,0,0,0,0.0882352963
2030,"Lower Brule Reservation and Off-Reservation Trust Land, SD",SANTEE. .,627,SD,2000,6129,0,0,1,2,2,1,15312.8571428571,3.8142857143,7.0875735283,4.0180006027,55.5898484483,-1.8441913128,1,6.9149118746,Great Plains,12.5422029495,57.8111953735,3.8525002003,0.084091045,0,0,19,0,0,1,2,0,0,0.0526315793,0.1052631587
2040,"Lower Elwha Reservation and Off-Reservation Trust Land, WA",KLALLAM .,478,WA,2000,8082,1,0,0,2,3,4,19517,3.9,5.5451774597,2.2686808109,9.6666402729,-1.2968877554,0,0.7694292279,Northwest,10.3392324448,57.421875,0,0,0,0,1,0,0,0,0,0,0,0,0
2055,"Lower Sioux Reservation, MN",SANTEE. .,627,MN,2000,28584,0,0,1,2,2,1,18736,2.7666666667,5.5721540451,3.8786356449,48.3581922967,-2.0515370369,1,1.937536807,Midwest,12.238032341,63.1178741455,0,0,0,0,9,0,0,1,0,0,0,0.1111111119,0
2070,"Lummi Reservation, WA",LUMMI . .,477,WA,2000,10145,1,0,0,2,3,4,20640.5,4.6,7.6148052216,2.4191446304,11.2362440619,0.9698044062,1,4.5537672632,Northwest,10.0237865448,64.1025695801,0,0,0,0,28,0,0,9,0,0,0,0.3214285672,0
2085,"Makah Reservation, WA",MAKAH . .,507,WA,2000,9835,1,0,0,3,3,4,19517,3.9,6.9810056686,4.5313305855,92.8820664256,0.2793495357,1,4.8038752626,Northwest,10.360833168,65.1486968994,0,0,0,0,27,0,0,2,3,0,0,0.0740740746,0.1111111119
2100,"Manchester-Point Arena Rancheria, CA",S.POMO. .,534,CA,2000,6498,1,0,0,2,3,2,19443,4.5,5.1357984543,3.842621088,46.6475817609,-1.6022694111,0,0.4215803984,Pacific,11.5922641754,71.7647094727,0,0,0,0,2,0,0,0,1,0,0,0,0.5
2130,"Maricopa (Ak Chin) Reservation, AZ",PAPAGO. .,184,AZ,2000,7811,1,0,5,3,3,1,19138,3.45,6.4800443649,3.4022436142,30.0314034008,-2.9111976624,1,4.4492725155,Western,11.1345453262,59.9693222046,0,1.6467883587,12933.5947265625,87083.4765625,0,0,0,0,0,0,0,0,0
2175,"Menominee Reservation and Off-Reservation Trust Land, WI",MENOMINI.,661,WI,2000,8096,1,1,2,3,3,1,19059.8333333333,2.7666666667,7.942006588,4.206430912,67.1165668903,-2.6227622032,0,6.8401568439,Midwest,12.1849298477,59.5449676514,0,0,0,0,52,1,0,4,3,0.0192307699,0,0.0769230798,0.057692308
2190,Mesa Grande,DIEGUENO.,339,CA,2000,10394,0,0,0,2,3,1,22926,3.6,5.7838253975,3.4579367638,31.7513982508,-0.0660523027,0,1.2721643256,Pacific,13.794839859,64,0,0,150192.203125,23443.0234375,5,0,0,1,1,0,0,0.200000003,0.200000003
2205,"Mescalero Reservation, NM",W.APACHE.,441,NM,2000,7541,1,0,3,3,3,1,16224.3333333333,3.8,7.954372406,3.8036015034,44.862466214,-0.5320324302,1,7.5295966911,Southwest,12.7128562927,62.8862380981,0.3347440958,0.6949331164,0,0,43,2,0,7,3,0.0465116277,0,0.1627907008,0.0697674453
2270,"Mille Lacs Reservation and Off-Reservation Trust Land, MN",CHIPPEWA.,499,MN,2000,9790,1,0,2,2,3,1,18314.1,3.7,6.8793559074,3.9567973614,52.2895928284,-3.238984108,1,5.582677994,Midwest,12.4350214005,61.1111106873,0,0,0,0,78,9,1,2,8,0.115384616,0.012820513,0.025641026,0.1025641039
2300,"Mississippi Choctaw Reservation and Off-Reservation Trust Land, MS",CHOCTAW .,1159,MS,2000,6864,1,1,4,5,2,1,14835.1764705882,4.2,8.3206911087,4.1356387138,62.5295167861,-2.7443165779,1,4.4335902079,Eastern,12.0114364624,60.8568649292,0,0,0,0,4,0,0,0,0,0,0,0,0
2315,"Moapa River Reservation, NV",MOAPA . .,593,NV,2000,13252,0,0,0,2,2,1,19555.5,3.35,5.0562458038,3.9767885208,53.3454410673,-1.3173092604,1,5.6697277972,Western,10.8898925781,78.9808959961,0,0,0,422552.21875,0,0,0,0,0,0,0,0,0
2360,"Morongo Reservation, CA",CAHUILLA.,546,CA,2000,23219,0,0,0,2,3,1,17772.5,4.65,6.3681869507,1.9176622629,6.8050314855,0.1637227833,1,4.8467632216,Pacific,11.4362239838,57.1183547974,4.143348217,0,665358.8125,60879.77734375,33,0,1,5,3,0,0.0303030312,0.151515156,0.0909090936
2375,"Muckleshoot Reservation and Off-Reservation Trust Land, WA",SQUAMISH.,475,WA,2000,9194,1,0,0,3,3,2,25234.5,3.6,6.9363427162,1.6320824623,5.1145144198,-2.060505867,1,2.7367260489,Northwest,11.1379861832,56.7541313171,0,0,0,0,9,0,0,1,0,0,0,0.1111111119,0
2400,"Nambe Pueblo and Off-Reservation Trust Land, NM",TEWA. . .,435,NM,2000,9295,0,0,9,7,2,1,19622.2,4.12,6.1527328491,3.051295042,21.1427073955,-0.564609766,0,4.4285608002,Southwest,10.5136737823,68.5106430054,0,0,0,12977.1142578125,47,1,1,4,5,0.0212765951,0.0212765951,0.0851063803,0.1063829809
2430,"Navajo Nation Reservation and Off-Reservation Trust Land, AZ--NM--UT",NAVAHO. .,182,AZ--NM--UT,2000,6807,1,0,7,3,3,1,15736.8333333333,4.6916666667,12.0716667175,4.7601270676,116.7607614622,-1.231336832,0,11.0413922133,Navajo,12.2280025482,63.0848693848,0,0,0,62152.21875,16,0,0,0,0,0,0,0,0
2445,"Nez Perce Reservation, ID",NEZPERCE.,562,ID,2000,10369,1,1,0,2,3,2,15922,5.26,7.6434826851,3.8833298683,48.5857300935,-0.583042264,1,8.0453735392,Northwest,11.5651674271,66.6027755737,1.0899927616,0,16883.837890625,0,46,0,1,3,2,0,0.0217391308,0.0652173907,0.0434782617
2460,"Nisqually Reservation, WA",PUYALLUP.,479,WA,2000,11072,1,0,0,3,3,2,21681.5,4,5.7493929863,2.5457601547,12.7529185938,-1.9585800171,1,3.0583973358,Northwest,10.2903079987,68.7898101807,0,0,0,0,3,0,0,0,0,0,0,0,0
2475,"Nooksack Reservation and Off-Reservation Trust Land, WA",SQUAMISH.,475,WA,2000,9695,1,0,0,3,3,2,20640.5,4.6,5.8522024155,3.0021426678,20.1286196954,-1.1433638334,1,2.3950556272,Northwest,10.4163122177,65.229888916,0,0,0,0,1,0,0,1,0,0,0,,0
2490,"Northern Cheyenne Reservation and Off-Reservation Trust Land, MT--SD",CHEYENNE.,275,MT--SD,2000,6730,1,1,0,1,3,1,15666.25,4.425,8.2809648514,4.4376726151,84.5778671736,-1.1483471394,1,7.5128340131,Rocky Mountain,12.6100826263,60.2330284119,0,0,423322.5625,2266.9191894531,112,0,2,12,6,0,0.0178571437,0.1071428582,0.0535714291
2550,"Omaha Reservation, NE--IA",OMAHA . .,179,NE--IA,2000,6328,1,1,4,3,3,1,16494.8571428571,2.1428571429,7.705262661,3.7802677155,43.8277735374,-2.3785514832,1,6.68835479,Great Plains,11.1706399918,56.1711730957,0,0,0,0,18,0,0,1,0,0,0,0.055555556,0
2555,Oneida Nation,IROQUOIS.,663,NY,2000,16929,1,1,4,7,3,1,18810.5,4,9.3667459488,1.8491333723,6.3543103144,-0.3168812394,1,-1.5478879255,Eastern,11.8214635849,64,0,0,0,0,319,2,4,32,37,0.0062695923,0.0125391847,0.1003134772,0.1159874573
2560,"Oneida (WI) Reservation and Off-Reservation Trust Land, WI",IROQUOIS.,663,WI,2000,14771,1,1,4,7,3,1,20530.6,2.36,7.9986715317,2.3750753403,10.7518232008,-3.1261007786,1,5.5801766056,Midwest,13.829167366,66.6106796265,0,0,0,0,0,0,0,0,0,0,0,0,0
2570,"Onondaga Reservation, NY",IROQUOIS.,663,NY,2000,14925,1,1,4,7,3,1,18653.6666666667,4.0666666667,6.6106958389,2.4921016693,12.0866515904,-0.5970237851,0,3.1810735267,Eastern,11.8723974228,52.489906311,0,0,0,0,25,2,0,5,7,0.0799999982,0,0.200000003,0.2800000012
2625,"Paiute (UT) Reservation, UT",SHIVWITS.,594,UT,2000,5594,1,0,1,2,2,1,14607.875,3.0875,5.5093884468,3.2153151035,24.9111402628,-0.3588781953,0,4.8814991066,Western,11.8928546906,55.0607261658,0,7.1848516464,2651.4682617188,245238.640625,0,0,0,0,0,0,0,0,0
2635,"Pala Reservation, CA",LUISENO .,548,CA,2000,11991,1,0,0,2,2,1,20807.5,4,6.5666723251,2.8767037392,17.7556493614,-0.014759589,0,3.9604455105,Pacific,10.7935562134,64.6976089478,0,0,330985.625,25831.24609375,14,0,0,3,2,0,0,0.2142857164,0.1428571492
2745,"Pechanga Reservation, CA",LUISENO .,548,CA,2000,13717,0,0,0,2,2,1,20807.5,4,6.1202974319,2.2681000233,9.6610276376,-0.3389085531,1,2.8929593284,Pacific,10.7198104858,52.9670372009,0,0,330985.625,25831.24609375,9,0,0,1,2,0,0,0.1111111119,0.2222222239
2760,"Penobscot Reservation and Off-Reservation Trust Land, ME",MICMAC. .,504,ME,2000,13335,1,1,0,2,2,1,16168.875,4,6.0282783508,4.3851480484,80.2501032329,-1.3384392262,0,5.7889647045,Eastern,11.7976713181,73.9759063721,0.0043574562,0.011623757,0,891.1110229492,1,0,1,0,0,0,,0,0
2785,"Picuris Pueblo, NM",ISLETA. .,434,NM,2000,7420,0,0,8,7,2,1,16575,5.025,5.1474943161,4.1113028526,61.0261739096,-0.4026812315,0,4.2606298758,Southwest,10.0845031738,72.6744155884,0,0,0,0,60,0,3,5,11,0,0.0500000007,0.0833333358,0.1833333373
2810,"Pine Ridge Reservation and Off-Reservation Trust Land, SD--NE",SANTEE. .,627,SD--NE,2000,5619,1,0,1,2,2,1,14514.9,4.04,9.564863205,4.7189555168,112.0511559774,-1.9694820642,1,9.1042760904,Great Plains,11.9639320374,58.218170166,3.8525002003,0.084091045,0,8842.9921875,1312,24,22,54,91,0.0182926822,0.0167682935,0.0411585383,0.069359757
2835,Pit River,ACHOMAWI.,525,CA,2000,9625,1,0,0,2,3,2,17738,5,7.4576091766,4.1645078659,64.3610004056,-1.1176778078,1,0.0838590998,Pacific,12.495631218,64,0,0,0,0,0,0,0,0,0,0,0,0,0
2850,"Pleasant Point Reservation, ME",MICMAC. .,504,ME,2000,8599,1,1,0,2,2,1,14119,4.8,6.2265367508,4.9213232994,137.1840286704,-2.7098503113,0,0.1860411526,Eastern,11.5487651825,72.3320159912,0,0.0520653203,0,4511.6606445313,2,0,0,0,0,0,0,0,0
2865,"Poarch Creek Reservation and Off-Reservation Trust Land, AL--FL",CREEK . .,180,AL--FL,2000,8294,1,1,4,7,3,1,16332.4444444444,4.1333333333,4.7273879051,4.378821373,79.7439895743,-2.8349235058,1,0.480820137,Eastern,13.0442142487,65.4867248535,0.0590271056,0.0007681758,0,0,0,0,0,0,0,0,0,0,0
2880,"Pojoaque Pueblo, NM",TEWA. . .,435,NM,2000,10911,0,0,9,7,2,1,24167.6666666667,3.1,5.6767539978,3.1963686943,24.4436066325,-2.0852489471,1,4.0035950169,Southwest,10.5254812241,61.6438331604,0,0,0,0,60,1,0,7,10,0.0166666675,0,0.1166666672,0.1666666716
2910,"Port Gamble Reservation, WA",KLALLAM .,478,WA,2000,8539,1,0,0,2,3,4,23787.6,3.34,6.133398056,2.6806070805,14.5939503092,2.5412018299,1,1.5800178468,Northwest,11.322769165,60.7375259399,0,0,0,0,1,0,0,0,0,0,0,0,0
2925,"Port Madison Reservation, WA",SQUAMISH.,475,WA,2000,13613,0,0,0,3,3,2,23787.6,3.34,6.2205901146,2.7494499683,15.6340303072,1.6985501051,1,3.4070885158,Northwest,10.9521856308,69.5825042725,0,0,0,0,2,0,0,0,0,0,0,0,0
2980,"Prairie Band Potawatomi Reservation, KS",POTAWATOM,660,KS,2000,12578,0,1,3,3,3,1,18100,2.3428571429,6.1820850372,3.5720641613,35.5899808447,-2.311316967,1,5.7517927318,Southern Plains,13.8575296402,65.0826416016,0,0,0,0,2,,,,,,,,
2985,"Prairie Island Indian Community and Off-Reservation Trust Land, MN",SANTEE. .,627,MN,2000,28659,0,0,1,2,2,1,24315.5,2.45,5.2417469025,2.735481739,15.4171686994,-2.910721302,1,1.5144431726,Midwest,12.728471756,65.0793685913,0,0,0,0,25,0,0,3,2,0,0,0.1199999973,0.0799999982
3000,"Puyallup Reservation and Off-Reservation Trust Land, WA",PUYALLUP.,479,WA,2000,12439,1,0,0,3,3,2,24262,3.5666666667,7.2341771126,1.7442890406,5.7218320385,0.162583679,1,4.3285558555,Northwest,10.8178367615,64.0692672729,0,0,0,0,15,0,0,1,2,0,0,0.0666666701,0.1333333403
3010,"Pyramid Lake Reservation, NV",KUYUIDOKA,569,NV,2000,10878,0,0,0,2,2,1,19510.6666666667,3.7166666667,7.088408947,4.1590409279,64.0101028471,-0.2188252956,0,7.5397947651,Western,11.8066453934,65.4423980713,0,0,144801.8125,613712.375,2,0,0,0,0,0,0,0,0
3030,"Quileute Reservation, WA",QUILEUTE.,480,WA,2000,9104,1,0,0,7,3,4,20864,3.75,5.7104268074,4.5315656662,92.9039037752,-1.6089884043,0,1.4034929497,Northwest,10.4790410995,64.9006576538,0,0,0,0,3,0,0,0,0,0,0,0,0
3085,"Red Cliff Reservation and Off-Reservation Trust Land, WI",CHIPPEWA.,499,WI,2000,8587,0,0,2,2,3,1,16407,5.3,6.8112444878,4.582036972,97.7132307456,-1.4102164507,1,4.0817548228,Midwest,11.9889240265,63.1057281494,0,0.0077178711,0,0,11,0,0,0,0,0,0,0,0
3100,"Red Lake Reservation, MN",CHIPPEWA.,499,MN,2000,7876,1,0,2,2,3,1,16744.5555555556,4.4555555556,8.4976024628,4.3471469879,77.2577309594,-3.7169229984,1,8.0895001482,Midwest,12.7778987885,57.1894760132,0,0.0077178711,0,0,118,6,3,8,3,0.0508474559,0.0254237279,0.0677966103,0.0254237279
3130,"Reno-Sparks Colony, NV",WASHO . .,340,NV,2000,11465,1,0,0,2,2,1,22685.25,3.8,6.7056388855,2.8755230904,17.7346985455,-1.0060641766,0,2.1474407632,Western,15.0773286819,71.3586273193,2.6699485779,8.1402196884,0,0,0,0,0,0,0,0,0,0,0
3165,"Rincon Reservation, CA",LUISENO .,548,CA,2000,14246,0,0,0,2,2,1,20807.5,4,6.0306854248,2.9960002899,20.0053610457,-0.3129723072,1,2.7617437732,Pacific,10.9241933823,70.6730804443,0,0,330985.625,25831.24609375,18,0,0,3,1,0,0,0.1666666716,0.055555556
3205,"Rocky Boy's Reservation and Off-Reservation Trust Land, MT",CHIPPEWA.,499,MT,2000,6951,1,0,2,2,3,1,13962.3333333333,5.6,7.8375544548,4.9420394897,140.055600437,-0.7906611562,1,6.0967539199,Rocky Mountain,14.1628065109,57.6558837891,0,0.0077178711,0,52066.4609375,27,0,0,3,1,0,0,0.1111111119,0.0370370373
3235,"Rosebud Reservation and Off-Reservation Trust Land, SD",SANTEE. .,627,SD,2000,5613,1,0,1,2,2,1,13804,3.3142857143,9.0695829391,4.8062157631,122.268049679,-2.1816263199,1,8.5398190738,Great Plains,12.279381752,57.9371452332,3.8525002003,0.084091045,0,0,307,6,2,23,21,0.0195439737,0.0065146578,0.0749185681,0.0684039071
3280,"Sac and Fox/Meskwaki Reservation and Off-Reservation Trust Land, IA",FOX . . .,383,IA,2000,7795,1,1,4,2,3,1,18631,2.7,6.4281053543,3.1500611305,23.3374911704,-2.0012083054,1,2.8245942895,Midwest,12.9539966583,62.3586425781,0,0,0,0,0,0,0,0,0,0,0,0,0
3305,"St. Croix Reservation and Off-Reservation Trust Land, WI",CHIPPEWA.,499,WI,2000,10824,0,0,2,2,3,1,17892.6666666667,3.5833333333,6.2747621536,4.4337258339,84.2447147134,-2.9642584324,1,2.2378541019,Midwest,12.0352401733,61.958568573,0,0.0077178711,0,0,7,0,0,0,0,0,0,0,0
3320,"St. Regis Mohawk Reservation, NY",IROQUOIS.,663,NY,2000,12016,1,1,4,7,3,1,15808,5.25,7.8559322357,2.999512434,20.0757462854,-3.6071779728,1,3.9937917054,Eastern,12.2783164978,69.3142166138,0,0,0,0,62,0,0,6,6,0,0,0.0967741907,0.0967741907
3340,"Salt River Reservation, AZ",PAPAGO. .,184,AZ,2000,7680,1,0,5,3,3,1,19138,3.45,8.1259269714,2.2856738567,9.8323095602,-1.788168788,1,5.3916692453,Western,11.7630138397,62.7624969482,0,2.5911126137,12933.5947265625,87083.4765625,626,2,5,27,21,0.0031948881,0.0079872208,0.0431309901,0.0335463248
3355,"San Carlos Reservation, AZ",W.APACHE.,441,AZ,2000,4970,1,0,3,3,3,1,13749.8,5.76,9.0789775848,4.774825573,118.4896450209,-0.5558829308,1,8.9333640046,Western,11.6220932007,60.9647636414,1.015124321,1.8769829273,0,25191.7265625,42,1,0,6,0,0.0238095243,0,0.1428571492,0
3370,"Sandia Pueblo, NM",ISLETA. .,434,NM,2000,10225,0,0,8,7,2,1,19982,3.85,6.2265367508,2.3696496487,10.6936450949,-0.6413775682,1,4.6194041852,Southwest,10.803563118,68.1818161011,0,0,0,0,59,0,0,7,12,0,0,0.1186440662,0.2033898234
3400,"San Felipe Pueblo, NM",ACOMA . .,440,NM,2000,7615,0,0,2,2,3,1,21186,3.6,7.8168201447,3.4007167816,29.9855854627,-1.2385377884,1,5.3340569116,Southwest,10.5526704788,67.1635818481,0,0,0,0,45,0,1,5,8,0,0.0222222228,0.1111111119,0.1777777821
3415,"San Ildefonso Pueblo, NM",TEWA. . .,435,NM,2000,9390,0,0,9,7,2,1,22919.25,3.3,6.2989492416,3.3596577644,28.77933988,-1.5019619465,0,4.7352018475,Southwest,10.6081132889,64.7058868408,0,0,0,0,82,2,1,3,9,0.024390243,0.0121951215,0.0365853645,0.1097560972
3430,"San Juan Pueblo, NM",TEWA. . .,435,NM,2000,11275,0,0,9,7,2,1,22919.25,3.3,7.1899223328,3.7550208569,42.7351111214,-3.5174078941,1,4.2368860403,Southwest,10.6444616318,69.1553497314,0,0,0,0,126,0,1,6,21,0,0.0079365084,0.0476190485,0.1666666716
3460,"San Pasqual Reservation, CA",DIEGUENO.,339,CA,2000,7497,0,0,0,2,3,1,22926,3.6,5.8051347733,2.6622269154,14.3281611995,-0.8284787536,0,1.7604671999,Pacific,13.8101930618,66.5662612915,0,0,150192.203125,23443.0234375,4,0,0,0,0,0,0,0,0
3480,"Santa Ana Pueblo, NM",ACOMA . .,441,NM,2000,9962,0,0,3,3,3,1,19982,3.85,6.2285108566,3.1424500942,23.1605429119,-1.2261081934,1,5.5672271927,Southwest,10.4689617157,66.6666717529,0,0,0,0,63,0,2,5,8,0,0.0317460336,0.0793650821,0.1269841343
3495,"Santa Clara Pueblo, NM",TEWA. . .,435,NM,2000,9544,0,0,9,7,2,1,22919.25,3.3,7.1800699234,3.700261116,40.4578671785,-0.1958158016,0,5.2967958238,Southwest,10.7175474167,72.0487442017,0,0,0,0,192,3,1,19,19,0.015625,0.0052083335,0.0989583358,0.0989583358
3520,"Santa Rosa Rancheria, CA",YOKUTS. .,174,CA,2000,14130,0,0,0,2,3,2,15671.5,6.8,6.1224927902,2.0351848602,7.6536668533,-5.473470211,1,0.482729354,Pacific,12.927444458,56.7982444763,0,0,503387.375,0,17,0,0,0,2,0,0,0,0.1176470593
3550,"Santa Ysabel Reservation, CA",DIEGUENO.,339,CA,2000,14704,0,0,0,2,3,1,22926,3.6,5.4205350876,3.6103270054,36.9781428899,-0.050404232,0,4.1059936084,Pacific,13.7930498123,72.1238937378,0,0,150192.203125,23443.0234375,3,0,0,0,1,0,0,0,0.3333333433
3565,"Santee Reservation, NE",SANTEE. .,627,NE,2000,7488,1,0,1,2,2,1,15151.2,1.6,6.2557501793,3.6623957157,38.9545552116,-1.7912427187,1,6.1693548118,Great Plains,12.9819316864,58.1573905945,0,0,0,0,23,1,0,1,3,0.0434782617,0,0.0434782617,0.1304347813
3585,"Santo Domingo Pueblo, NM",ACOMA . .,442,NM,2000,5620,0,0,8,7,3,1,21384,3.5,8.0410909653,3.7360405922,41.9316366022,-1.4918167591,0,5.6207254493,Southwest,10.7149791718,65.4217681885,0,0,0,0,78,0,0,4,11,0,0,0.051282052,0.1410256475
3635,"Sault Ste. Marie Reservation and Off-Reservation Trust Land, MI",CHIPPEWA.,499,MI,2000,7229,1,0,2,2,3,1,17967.2222222222,5.5666666667,6.9147310257,3.0504102707,21.1240092068,-2.4164674282,1,1.4776215531,Midwest,13.2479438782,53.8232383728,0,0.0077178711,0,0,0,0,0,0,0,0,0,0,0
3795,"Siletz Reservation and Off-Reservation Trust Land, OR",TILLAMOOK,482,OR,2000,9804,1,0,0,7,3,4,19947.3333333333,4,5.0562458038,3.7319617271,41.7609514526,-0.8427689075,1,2.7128382984,Northwest,11.0048294067,61.7834396362,3.1694216728,0,0,0,5,0,0,1,0,0,0,0.200000003,0
3825,"Skokomish Reservation, WA",TWANA . .,71,WA,2000,8500,1,0,0,3,3,2,18056,4.5,6.2499752045,3.6461410522,38.3264804271,1.0640012026,0,3.08304731,Northwest,10.0847005844,65.830116272,0,0,0,0,18,1,0,0,0,0.055555556,0,0,0
3870,"Soboba Reservation, CA",LUISENO .,548,CA,2000,20337,0,0,0,2,2,1,18689,4.4,6.0822191238,1.9141072035,6.7808821458,-0.6630297303,1,3.159768006,Pacific,10.8977241516,61.1872138977,0,0,435937.25,27217.623046875,5,1,0,1,1,0.200000003,0,0.200000003,0.200000003
3885,"Sokaogon Chippewa Community and Off-Reservation Trust Land, WI",CHIPPEWA.,499,WI,2000,7170,0,0,2,2,3,1,17719,3.9,5.6937322617,4.1683497429,64.6087430453,-2.6001076698,1,2.143736633,Midwest,12.4166049957,60.2693634033,0,0.0077178711,0,0,54,3,3,6,4,0.055555556,0.055555556,0.1111111119,0.0740740746
3925,"Southern Ute Reservation, CO",S.UTE . .,74,CO,2000,13043,1,0,0,2,2,1,18341.2,3.9,7.2477927208,3.3290672302,27.9122938128,-0.7462998033,1,7.9208566624,Southwest,11.8075056076,65.3380813599,0.8176976442,11.0498256683,0,250466.015625,34,0,0,9,1,0,0,0.2647058964,0.0294117648
3930,"South Fork Reservation and Off-Reservation Trust Land, NV",ELKOSHOSH,584,NV,2000,11062,0,0,0,2,2,1,18395.5,3.9,4.7874917984,3.5297482014,34.1153763281,-1.3873643875,0,4.2310695451,Western,11.2977924347,78.3333358765,4.3576431274,2.8598191738,136348.25,96313.953125,2,0,0,2,0,0,0,,0
3935,"Spirit Lake Reservation, ND",SANTEE. .,627,ND,2000,6259,1,0,1,2,2,1,16260.1428571429,3.3857142857,8.0949888229,4.7360272408,113.9804839996,-2.9429130554,1,7.3079507489,Great Plains,12.7886581421,56.0402679443,0,0,0,0,8,0,0,0,0,0,0,0,0
3940,"Spokane Reservation, WA",SANPOIL .,176,WA,2000,9724,0,0,0,2,2,1,17008.75,6.275,7.3362855911,4.0118842125,55.2508769403,-0.6612234116,1,6.4711984203,Northwest,11.0550441742,61.1726417542,0,0,0,0,35,1,5,0,3,0.0285714287,0.1428571492,0,0.0857142881
3955,"Squaxin Island Reservation and Off-Reservation Trust Land, WA",SQUAMISH.,475,WA,2000,8698,1,0,0,3,3,2,19554.5,4.325,5.7838253975,2.8316140175,16.9728331784,-0.6815243363,1,1.9489820814,Northwest,11.463886261,59.6923065186,0,0,0,0,1,0,0,0,0,0,0,0,0
3970,"Standing Rock Reservation, SD--ND",SANTEE. .,627,SD--ND,2000,6322,1,0,1,2,2,1,14245.9,3.4,8.6574764252,4.7159414291,111.713932435,-2.1949779987,1,9.1575925869,Great Plains,12.3843708038,60.1425361633,2.4281425476,0.0530006588,0,0,167,4,2,7,14,0.0239520967,0.0119760484,0.0419161692,0.0838323385
3980,"Stewart Community, NV",WASHO . .,340,NV,2000,12335,1,0,0,2,2,1,24080.875,3.6875,5.2882671356,2.4199311733,11.2450853264,-0.3296684027,0,2.5204378017,Western,10.7222156525,65.6565704346,0,1.5037294626,429216.28125,13267.279296875,44,3,1,3,3,0.0681818202,0.0227272734,0.0681818202,0.0681818202
4015,"Stockbridge-Munsee Community, WI",DELAWARE.,279,WI,2000,14817,0,0,4,3,3,1,16060,4.45,6.5985088348,3.9908323288,54.0998995334,-2.8247108459,1,5.207812874,Midwest,14.0400304794,70.0272521973,0,0,0,0,4,0,0,0,0,0,0,0,0
4060,"Susanville Rancheria, CA",WASHO . .,340,CA,2000,6789,1,0,0,2,2,1,17070,4.6,5.5797300339,1.0407799482,2.8314245179,-0.2775418162,1,-0.1352005569,Pacific,15.0914258957,63.0188713074,4.4561667442,11.9662733078,0,0,3,0,0,0,0,0,0,0,0
4075,"Swinomish Reservation, WA",SQUAMISH.,475,WA,2000,8712,1,0,0,3,3,2,21542.5,3.925,6.4150967598,2.6321666241,13.903861733,1.0812935829,1,3.9643963362,Northwest,11.4141645432,67.9214401245,0,0,0,0,11,1,0,2,1,0.0909090936,0,0.1818181872,0.0909090936
4140,"Taos Pueblo and Off-Reservation Trust Land, NM",ISLETA. .,434,NM,2000,9512,0,0,8,7,2,1,14781,5.175,7.2019162178,4.5492148399,94.5581358888,-0.1281237751,1,6.0031321916,Southwest,10.3399333954,75.8569335938,0,0,0,0,349,3,2,21,40,0.0085959882,0.0057306592,0.0601719208,0.1146131828
4170,"Tesuque Pueblo and Off-Reservation Trust Land, NM",TEWA. . .,435,NM,2000,12195,0,0,9,7,2,1,19622.2,4.12,6.0402545929,2.5919060707,13.35520332,-0.981164515,1,4.2472622601,Southwest,10.5137605667,71.6666641235,0,0,0,12977.1142578125,58,1,3,4,7,0.0172413792,0.0517241396,0.068965517,0.1206896529
4200,"Tohono O'odham Reservation and Off-Reservation Trust Land, AZ",PAPAGO. .,184,AZ,2000,6520,1,0,5,3,3,1,19138,3.45,9.1884012222,4.4016757011,81.5874703984,-1.4059535265,1,9.3531526646,Western,11.3043422699,65.7978134155,0,0,12933.5947265625,87083.4765625,39,0,1,4,3,0,0.025641026,0.1025641039,0.0769230798
4225,"Tonawanda Reservation, NY",IROQUOIS.,663,NY,2000,10689,0,1,4,7,3,1,18355.8,3.78,5.6767539978,3.1044068336,22.2959898212,-2.965297699,0,3.407391158,Eastern,12.3992080688,71.575340271,0,0,0,0,7,0,0,1,2,0,0,0.1428571492,0.2857142985
4235,"Tonto Apache Reservation, AZ",W.APACHE.,441,AZ,2000,8879,1,0,3,3,3,1,17727,4.1,4.9272537231,0.1215839311,1.1292841441,-2.5422766209,1,-1.0650911555,Western,11.7761468887,50.7246360779,0.3113323748,0.4885333478,8747.2197265625,78528.1328125,2,0,0,0,0,0,0,0,0
4255,"Torres-Martinez Reservation, CA",CAHUILLA.,546,CA,2000,13618,0,0,0,2,3,1,18284.6666666667,4.7333333333,5.2470240593,3.2235264778,25.1165371004,-1.1589261293,0,4.8494645119,Pacific,10.8309011459,78.4210510254,4.143348217,0,517612.46875,18644.419921875,105,0,0,7,15,0,0,0.0666666701,0.1428571492
4290,"Tulalip Reservation, WA",SQUAMISH.,475,WA,2000,10623,1,0,0,3,3,2,22048.3333333333,3.6,7.5363640785,2.0276436806,7.5961662602,0.2341779023,1,4.9037410553,Northwest,10.9265050888,60.9599990845,0,0,0,0,17,0,0,3,1,0,0,0.1764705926,0.0588235296
4300,"Tule River Reservation, CA",YOKUTS. .,174,CA,2000,9156,1,0,0,2,3,2,14883,7.15,6.2344107628,3.3042552471,27.2282557138,0.4422456622,1,5.3880463571,Pacific,11.875919342,58.0392189026,10.2421045303,0,432219.90625,0,15,0,0,3,1,0,0,0.200000003,0.0666666701
4330,"Tuolumne Rancheria and Off-Reservation Trust Land, CA",MIWOK . .,273,CA,2000,9219,1,0,0,3,2,1,21015,3.8,4.8598122597,4.0656104088,58.3004847914,-0.7570144534,0,0.3410920782,Pacific,11.0593366623,78.2945785522,20.3563594818,0,2118988.75,0,4,0,0,0,2,0,0,0,0.5
4345,"Turtle Mountain Reservation and Off-Reservation Trust Land, MT--ND--SD",CHIPPEWA.,499,MT--ND--SD,2000,8330,0,0,2,2,3,1,14770.3142857143,3.5028571429,8.9457235336,4.426150322,83.6089291131,-2.1795043945,1,6.4452520887,N/A,13.639673233,62.3192176819,0,0.0077178711,124921.09375,16677.984375,61,3,0,6,2,0.0491803288,0,0.0983606577,0.0327868834
4360,"Tuscarora Reservation, NY",IROQUOIS.,663,NY,2000,11408,1,1,4,7,3,1,19788,4.15,6.0258660316,2.4433681965,11.5117493508,-1.8239661455,1,3.1784350684,Eastern,12.5388069153,61.5942001343,0,0,0,0,22,0,0,2,3,0,0,0.0909090936,0.1363636404
4390,"Uintah and Ouray Reservation and Off-Reservation Trust Land, UT",UINTAH. .,600,UT,2000,6934,1,0,0,2,2,1,18208.4615384615,3.9307692308,7.9459095001,4.8570575714,128.6451155974,-0.4289140701,0,9.7800365719,Western,12.4274482727,64.483001709,2.4442293644,15.1144208908,25542.791015625,122806.2890625,31,0,0,1,4,0,0,0.0322580636,0.1290322542
4455,"Upper Skagit Reservation, WA",SQUAMISH.,475,WA,2000,5523,1,0,0,3,3,2,20640.5,4.6,4.9344739914,2.7498753071,15.6406814804,-0.9464162588,1,-0.8053068393,Northwest,10.563041687,58.9928016663,0,0,0,0,57,1,0,5,16,0.0175438598,0,0.0877192989,0.2807017565
4470,"Ute Mountain Reservation and Off-Reservation Trust Land, CO--NM--UT",MOANUNTS.,601,CO--NM--UT,2000,8159,0,0,0,2,2,1,14427.4,6.22,7.4193806648,4.0520892143,57.5174979869,-0.7606030107,1,7.755062527,Southwest,11.8552513123,64.1486816406,0,0,0,0,153,2,1,7,8,0.0130718956,0.0065359478,0.045751635,0.0522875823
4500,"Viejas Reservation, CA",DIEGUENO.,339,CA,2000,28128,0,0,0,2,3,1,22926,3.6,5.4467372894,3.2537419796,25.8870276319,-0.0986589864,1,1.8753322366,Pacific,13.7847499847,52.1551742554,0,0,150192.203125,23443.0234375,13,0,0,2,2,0,0,0.1538461596,0.1538461596
4515,"Walker River Reservation, NV",KUYUIDOKA,569,NV,2000,10167,0,0,0,2,2,1,18253,5.1666666667,6.440946579,4.5265860558,92.442428463,-0.5951609015,0,7.227540421,Western,10.8981256485,64.1148300171,0,8.1488380432,332771,1175317.25,5,0,0,0,0,0,0,0,0
4595,"White Earth Reservation and Off-Reservation Trust Land, MN",CHIPPEWA.,499,MN,2000,9127,1,0,2,2,3,1,16908,4.26,8.0532512665,4.2398395538,69.3967165083,-2.716088295,1,8.013760209,Midwest,11.951048851,65.0445251465,0,0,0,0,352,57,15,27,28,0.1619318128,0.0426136367,0.0767045468,0.0795454532
4625,"Winnebago Reservation and Off-Reservation Trust Land, NE--IA",WINNEBAGO,78,NE--IA,2000,7662,1,1,3,3,3,1,17141.7777777778,2.1777777778,7.2584123611,3.4554214478,31.6716338089,-2.25010252,1,6.1339746097,Great Plains,13.4746923447,59.2253494263,0,0,0,0,32,0,0,1,1,0,0,0.03125,0.03125
4665,"Woodfords Community, CA",WASHO . .,340,CA,2000,6741,1,0,0,2,2,1,25759.6666666667,4.3,5.2040066719,3.0958662033,22.1063788651,0.2821210623,0,0.4553214868,Western,10.9012947083,68.6813201904,0,1.5037294626,548184.625,57042.9296875,44,3,1,3,3,0.0681818202,0.0227272734,0.0681818202,0.0681818202
4700,"Yankton Reservation, SD",SANTEE. .,627,SD,2000,6170,1,0,1,2,2,1,14347.2222222222,1.7888888889,7.8917045593,4.2855987549,72.646030866,-2.1803138256,1,7.4803957397,Great Plains,12.1078519821,58.2429885864,0,0,0,0,683,8,8,21,43,0.0117130307,0.0117130307,0.0307467058,0.0629575402
4708,"Yavapai-Apache Nation Reservation, AZ",YAVAPAI .,608,AZ,2000,7005,1,0,0,2,2,1,18433,3.75,6.5102581978,3.3983125687,29.9135803223,-1.5719307661,1,0.9546463084,Western,11.6304416656,53.125,1.5547162294,2.4396140575,10291.9970703125,76996.96875,0,0,0,0,0,0,0,0,0
4710,"Yavapai-Prescott Reservation, AZ",YAVAPAI .,608,AZ,2000,13697,1,0,0,2,2,1,19727,2.7,4.8040208817,0.9582242966,2.6070629901,-0.8964477777,1,1.7439970284,Western,11.5211191177,59.8360671997,2.0129666328,3.1586866379,34294.96875,256569.140625,0,0,0,0,0,0,0,0,0
4760,"Yurok Reservation, CA",YUROK . .,172,CA,2000,6839,1,0,0,7,3,2,16448.6666666667,5.1,6.3664703369,4.074754715,58.8360472164,0.3636665642,0,5.4299112488,Pacific,10.131570816,64.0893478394,30.3663444519,0,683152.625,8202.3935546875,7,0,0,0,3,0,0,0,0.4285714328
4770,"Zia Pueblo and Off-Reservation Trust Land, NM",ACOMA . .,443,NM,2000,8689,0,0,4,5,3,1,19982,3.85,6.3595738411,3.594171524,36.3855429501,-1.0410326719,0,6.2043294962,Southwest,10.7074689865,68.5121154785,0,0,0,0,37,0,0,3,9,0,0,0.0810810775,0.2432432473
4785,"Zuni Reservation and Off-Reservation Trust Land, NM--AZ",ZUNI. . .,183,NM--AZ,2000,6029,0,0,8,7,3,1,11135,7.4,8.9061222076,4.050359726,57.4181081145,-1.4429746866,0,7.5382210264,Southwest,10.5666637421,67.3715591431,0,0,0,0,227,1,1,9,21,0.0044052862,0.0044052862,0.0396475755,0.0925110132
46101,"Wind River Reservation and Off-Reservation Trust Land, WY",ARAPAHO .,616,WY,2000,6285,1,1,0,2,3,1,18178.5,3.275,8.1382722855,5.2573404312,191.9702536682,-0.3836229444,1,9.1212741795,Rocky Mountain,13.3475408554,58.8080635071,0,0,0,0,4163,7,34,55,110,0.0016814797,0.0081671868,0.0132116266,0.0264232531
46102,"Wind River Reservation and Off-Reservation Trust Land, WY",WINDRIVER,606,WY,2000,8207,1,1,0,2,2,1,18178.5,3.275,7.5363640785,5.2573404312,191.9702536682,-0.3836229444,1,9.1212741795,Rocky Mountain,11.9939947128,65.4933319092,0.0341882668,0,0,0,4163,7,34,55,110,0.0016814797,0.0081671868,0.0132116266,0.0264232531
